k,cluster_id,n,freq,top_verbs
10,0,399,31232,"have, make, do, show, want, get, work, give, use, find"
10,1,332,43426,"be, look, seem, feel, know, think, mean, play, love, like"
10,2,372,2048,"echo, pop, bear, stag, tap, riff, snap, nail, cinch, peek"
10,3,293,10742,"say, go, see, keep, leave, prove, try, happen, tell, remain"
10,4,391,5936,"turn, walk, fall, run, pull, push, launch, carry, throw, mix"
10,5,326,2708,"emerge, evoke, reflect, emphasize, conjure, extend, transform, expand, evolve, soften"
10,6,570,18112,"come, take, put, open, add, cut, need, set, feature, send"
10,7,293,771,"veer, dub, destine, patchworke, hone, juxtapose, meld, accent, liven, tempt"
10,8,208,3557,"wear, draw, cover, drape, layer, wrap, decorate, embroider, shape, accessorize"
10,9,109,815,"return, replace, revisit, reappear, revolve, repeat, reinterpret, reprise, rework, re"
15,0,258,29221,"have, come, do, go, take, want, get, give, use, find"
15,1,343,3661,"cut, drape, stick, wrap, catch, bear, embroider, line, shape, crop"
15,2,188,1447,"pop, paint, land, fill, inject, fuse, explode, wash, absorb, destine"
15,3,310,4635,"design, build, sound, focus, cover, lead, reveal, layer, capture, top"
15,4,302,14692,"make, show, work, include, become, appear, inspire, begin, prove, continue"
15,5,114,1013,"mix, combine, gather, separate, splice, merge, divide, split, pile, juxtapose"
15,6,262,15310,"say, look, seem, see, know, explain, think, mean, feature, close"
15,7,271,1537,"echo, stag, riff, snap, whip, flare, peek, strut, skew, hew"
15,8,210,2627,"leave, stand, remain, lose, stay, stop, appeal, settle, avoid, lie"
15,9,281,767,"name, veer, dub, patchworke, adorn, hone, meld, accent, liven, ampe"
15,10,110,949,"return, reflect, replace, revisit, reappear, revolve, repeat, reinterpret, reprise, rework"
15,11,166,1706,"grow, change, emphasize, rise, extend, transform, expand, evolve, soften, stretch"
15,12,58,241,"underscore, underline, overwhelm, extrapolate, overlay, overshadow, underpin, exaggerate, overpower, understate"
15,13,210,4575,"turn, move, walk, fall, run, push, launch, throw, break, reach"
15,14,210,36966,"be, feel, wear, play, love, like, live, dress, let, miss"
20,0,123,2514,"wear, dress, drape, wrap, embroider, crop, tuck, trim, style, cinch"
20,1,95,1170,"sound, echo, speak, hear, tap, riff, sing, nod, listen, rock"
20,2,249,2478,"carry, lead, top, mark, catch, match, bear, base, edge, head"
20,3,125,36578,"be, seem, feel, mean, like, stand, talk, live, sit, lose"
20,4,52,361,"cover, underscore, underline, overwhelm, extrapolate, offset, overlay, overshadow, underpin, exaggerate"
20,5,193,3982,"turn, walk, fall, run, push, throw, stick, reach, fly, shape"
20,6,265,8068,"find, put, open, include, add, bring, set, send, design, suggest"
20,7,94,1222,"leave, pull, sell, drop, abandon, explode, distract, escape, disappear, kill"
20,8,183,6746,"show, explain, appear, inspire, provide, describe, expect, introduce, evoke, reflect"
20,9,104,794,"return, replace, revisit, reappear, revolve, repeat, reinterpret, reprise, rework, re"
20,10,183,19931,"make, do, go, want, get, work, use, start, play, become"
20,11,160,1611,"love, emerge, explore, evolve, treat, crave, indulge, obsess, carve, mimic"
20,12,168,1144,"extend, transform, expand, soften, stretch, embellish, elevate, loosen, absorb, morph"
20,13,186,1292,"layer, pop, paint, land, fill, wash, destine, filter, blossom, spill"
20,14,106,4148,"look, focus, reveal, accessorize, display, render, flare, peek, shine, face"
20,15,91,1054,"mix, combine, gather, separate, pack, splice, merge, zip, divide, split"
20,16,279,19746,"have, come, take, see, give, know, think, cut, feature, offer"
20,17,203,848,"stag, whip, skew, hew, shake, hark, nip, sprout, sculpt, wove"
20,18,186,5068,"say, prove, claim, allow, insist, stop, deserve, appeal, settle, ought"
20,19,248,592,"veer, dub, patchworke, hone, meld, liven, ampe, soundtracke, imbue, vie"
25,0,102,11207,"look, show, seem, see, find, explain, think, appear, prove, describe"
25,1,118,1260,"fall, float, dip, blow, fill, fuse, flow, explode, wash, absorb"
25,2,84,1024,"reflect, emphasize, extend, expand, trim, soften, stretch, embellish, concentrate, lighten"
25,3,79,1759,"wear, dress, decorate, accessorize, style, suit, tailor, lace, adorn, lavish"
25,4,158,870,"echo, snap, shrug, nod, err, skew, hew, hark, nip, wove"
25,5,137,1210,"emerge, evoke, conjure, expose, inject, elevate, resonate, embody, exemplify, infuse"
25,6,225,4576,"know, love, close, sound, imagine, reference, recall, point, break, define"
25,7,151,2291,"open, launch, represent, base, line, channel, debut, express, range, sport"
25,8,49,230,"underscore, underline, overwhelm, extrapolate, overlay, overshadow, predominate, underpin, exaggerate, overpower"
25,9,131,3458,"feature, design, focus, draw, cover, reveal, layer, capture, top, miss"
25,10,213,473,"veer, patchworke, hone, accent, pronounce, ampe, soundtracke, imbue, vie, circa"
25,11,103,793,"return, replace, revisit, reappear, revolve, repeat, reinterpret, reprise, rework, re"
25,12,108,891,"stick, catch, whip, nail, cinch, bind, belt, strut, twist, cling"
25,13,179,40194,"be, say, do, feel, mean, like, talk, live, sit, speak"
25,14,127,942,"carry, stag, riff, flare, slash, sling, parade, mimic, spark, flutter"
25,15,95,1885,"cut, pull, throw, drape, wrap, crop, tuck, pack, knit, strip"
25,16,196,12105,"make, work, use, start, become, inspire, move, continue, create, provide"
25,17,99,1674,"include, mix, combine, gather, consist, separate, sum, merge, divide, split"
25,18,196,22955,"have, come, go, take, want, get, give, put, add, call"
25,19,131,1674,"keep, leave, stay, stop, avoid, resist, abandon, suspend, distract, deny"
25,20,153,1027,"lead, mark, pop, bear, dub, destine, stray, toy, blossom, stud"
25,21,162,2835,"turn, walk, run, reach, fly, slip, swing, spin, roll, shift"
25,22,125,634,"embroider, splice, carve, surface, sparkle, meld, sprout, sculpt, brush, shimmer"
25,23,85,426,"transform, evolve, morph, refine, transpire, deconstruct, dissect, extract, crystallize, synthesize"
25,24,87,2954,"play, begin, stand, try, happen, strike, lose, win, match, appeal"
30,0,65,1428,"design, draw, layer, decorate, print, embroider, accessorize, paint, display, render"
30,1,61,1542,"love, like, embrace, lay, touch, marry, seek, attract, crave, hug"
30,2,78,889,"leave, throw, abandon, explode, fade, escape, disappear, kill, shed, ditch"
30,3,149,36283,"be, show, inspire, prove, provide, talk, expect, let, reflect, speak"
30,4,99,947,"pop, snap, flare, peek, shine, flash, fuse, blossom, glow, spark"
30,5,155,694,"miss, define, nod, found, lighten, hew, hark, wove, liven, hail"
30,6,116,1261,"emerge, evoke, emphasize, rise, conjure, evolve, embellish, inject, elevate, embody"
30,7,171,18708,"have, take, want, get, give, use, put, open, add, call"
30,8,113,1425,"move, sit, cover, represent, debut, march, land, place, visit, parade"
30,9,105,4065,"work, keep, continue, produce, manage, live, focus, remain, grow, develop"
30,10,114,3130,"turn, stand, fall, push, stick, break, hang, shape, float, range"
30,11,103,868,"return, recall, replace, revisit, reappear, repeat, reinterpret, reprise, rework, re"
30,12,83,516,"appeal, avoid, resist, distract, deny, detract, hide, ignore, refuse, eschew"
30,13,91,9361,"come, go, include, start, become, appear, bring, begin, suggest, create"
30,14,176,1851,"build, launch, lead, capture, top, aim, base, express, showcase, model"
30,15,114,9789,"say, do, know, explain, think, mean, end, try, happen, imagine"
30,16,132,2038,"cut, wrap, line, tuck, edge, tap, trim, head, whip, nail"
30,17,135,748,"fill, flow, wash, destine, filter, spill, delve, pour, wind, dispense"
30,18,99,3367,"make, translate, construct, underscore, yield, spell, precede, complement, juxtapose, derive"
30,19,71,1849,"wear, dress, drape, style, knit, weave, suit, sew, tailor, lace"
30,20,56,1567,"play, strike, lose, win, match, kick, sport, settle, dominate, toss"
30,21,64,8298,"look, seem, feel, see, find, describe, read, tell, decide, ask"
30,22,142,349,"veer, patchworke, hone, ampe, soundtracke, imbue, vie, tout, devise, evince"
30,23,171,795,"mark, catch, bear, dub, stray, toy, stud, garner, meld, billow"
30,24,109,1842,"walk, run, explore, step, reach, fly, slip, drive, trail, travel"
30,25,65,796,"sound, echo, hear, riff, sing, scream, resonate, listen, accent, pronounce"
30,26,107,918,"change, extend, transform, expand, soften, morph, refine, scale, tweak, sharpen"
30,27,71,896,"mix, combine, gather, separate, pack, merge, zip, divide, split, pile"
30,28,123,599,"stag, crop, sweep, strut, stomp, dig, pluck, finesse, scoop, skim"
30,29,155,2528,"feature, present, reveal, reference, lack, form, name, notice, note, hint"
35,0,91,210,"patchworke, hone, ampe, soundtracke, imbue, vie, devise, evince, wreathe, crescendo"
35,1,76,885,"pull, capture, catch, crop, pack, strip, sweep, zip, pile, garner"
35,2,100,759,"return, replace, revisit, reappear, repeat, reinterpret, reprise, rework, re, reconfigure"
35,3,77,1578,"pair, choose, decide, meet, mix, combine, gather, separate, settle, merge"
35,4,59,910,"move, sit, represent, land, place, visit, address, spot, occupy, center"
35,5,90,1304,"walk, explore, step, reach, trail, travel, steer, hop, jump, trace"
35,6,99,624,"fill, flow, absorb, filter, spill, infuse, compound, dissolve, pour, wind"
35,7,123,18902,"have, say, look, do, see, know, find, explain, think, prove"
35,8,57,449,"trim, soften, lean, wash, destine, lighten, sharpen, brush, warm, clean"
35,9,108,1251,"stick, wrap, hang, line, shape, tie, nail, cinch, bind, belt"
35,10,65,966,"sound, echo, speak, hear, riff, sing, nod, scream, resonate, listen"
35,11,104,997,"reflect, change, extend, transform, expand, embellish, revolve, refine, scale, tweak"
35,12,119,1831,"love, present, count, name, appreciate, benefit, matter, balance, progress, sum"
35,13,82,2261,"wear, dress, cover, drape, layer, embroider, accessorize, style, knit, weave"
35,14,87,1858,"turn, throw, slip, tuck, whip, stretch, swing, spin, roll, shift"
35,15,151,2982,"inspire, provide, push, expect, introduce, evoke, establish, allow, achieve, insist"
35,16,105,12669,"take, want, get, give, use, put, add, call, need, keep"
35,17,79,33572,"be, feel, mean, talk, focus, lack, celebrate, embrace, rely, care"
35,18,70,4100,"make, design, create, build, decorate, print, paint, construct, project, model"
35,19,84,1242,"like, lay, touch, treat, blow, seek, crave, indulge, obsess, linger"
35,20,90,683,"deserve, appeal, lie, admit, acknowledge, disappoint, respond, dedicate, blame, complement"
35,21,72,493,"avoid, resist, suspend, distract, contain, deny, threaten, detract, hide, ignore"
35,22,64,1692,"become, produce, emerge, grow, develop, tend, resemble, evolve, yield, attract"
35,23,129,711,"lead, bear, head, stray, toy, stud, shin, inch, billow, perch"
35,24,117,4225,"include, appear, feature, end, read, deliver, reveal, reference, claim, recall"
35,25,112,10235,"come, go, work, start, play, begin, stand, continue, run, serve"
35,26,91,4593,"show, seem, describe, draw, translate, define, emphasize, demonstrate, experiment, understand"
35,27,92,433,"snap, shrug, err, hew, hark, nip, wove, waft, jib, swish"
35,28,97,393,"splice, carve, slice, sprout, sculpt, pluck, chalk, scatter, seep, peel"
35,29,40,565,"fall, float, dip, descend, splash, dig, sink, plunge, pump, sail"
35,30,184,626,"miss, stag, veer, dub, meld, liven, teeter, leaven, perk, tout"
35,31,48,244,"underscore, limit, underline, overwhelm, extrapolate, overlay, overshadow, underpin, exaggerate, overpower"
35,32,87,1097,"strike, pop, edge, tap, flare, peek, flash, fuse, blossom, glow"
35,33,89,1507,"cut, leave, break, expose, abandon, explode, fade, escape, disappear, kill"
35,34,155,2500,"open, set, launch, top, aim, base, channel, express, range, showcase"
40,0,65,602,"sound, echo, scream, tick, billow, pronounce, waft, rattle, teeter, clamor"
40,1,102,5158,"show, start, appear, begin, provide, talk, introduce, speak, establish, cite"
40,2,96,612,"pop, blow, destine, filter, blossom, spill, wind, spring, breeze, blend"
40,3,61,1067,"draw, decorate, mark, print, embroider, line, shape, paint, nail, pin"
40,4,83,1555,"pair, choose, meet, mix, combine, match, gather, tie, separate, join"
40,5,67,436,"replace, revisit, reinterpret, refine, rework, re, reconfigure, reimagine, reinvent, relaunche"
40,6,52,879,"hit, strike, break, kick, snap, hurt, spark, bloom, knock, splash"
40,7,96,1565,"like, imagine, miss, celebrate, embrace, treat, nod, crave, hug, indulge"
40,8,117,4966,"make, include, design, create, build, form, accessorize, render, construct, yield"
40,9,83,3755,"play, call, set, follow, push, hold, carry, throw, capture, stick"
40,10,53,719,"focus, flare, peek, shine, flash, highlight, fade, glow, light, sparkle"
40,11,106,230,"obscure, meld, sprout, leaven, tout, bandy, bead, dapple, glisten, flaunt"
40,12,85,3827,"come, serve, deliver, reveal, win, arrive, finish, debut, march, dominate"
40,13,71,2086,"wear, dress, cover, drape, layer, style, knit, weave, suit, sew"
40,14,74,2239,"feel, stand, sit, hang, lay, lighten, suffer, suspend, linger, shy"
40,15,157,6838,"see, know, explain, think, feature, close, help, end, try, happen"
40,16,81,1212,"cut, top, crop, edge, head, splice, piece, fuse, slash, par"
40,17,53,531,"return, recall, reappear, repeat, reprise, forgive, back, rein, reverse, revive"
40,18,98,1408,"open, represent, base, land, dub, place, visit, address, garner, spot"
40,19,87,1881,"turn, launch, explore, express, range, drive, trail, travel, steer, cross"
40,20,48,753,"fit, rise, trim, soften, stretch, lift, raise, lean, gain, loosen"
40,21,92,417,"stag, sweep, pile, stomp, pluck, scoop, stir, skim, scatter, swoop"
40,22,95,818,"emerge, evoke, conjure, inject, embody, infuse, envision, exude, inset, invent"
40,23,59,2748,"go, leave, move, lose, stay, abandon, die, escape, disappear, kill"
40,24,107,17798,"have, do, take, want, get, give, use, put, add, need"
40,25,79,760,"riff, swing, spin, roll, ring, flow, round, skew, circle, flip"
40,26,102,663,"lead, define, bear, stray, star, toy, stud, pip, snake, perk"
40,27,90,508,"fill, explode, wash, absorb, dissolve, delve, pour, dispense, distil, melt"
40,28,91,1015,"pull, wrap, tuck, whip, cinch, strip, bind, belt, sling, strut"
40,29,59,600,"emphasize, extend, expand, embellish, elevate, scale, tweak, accentuate, broaden, alter"
40,30,77,786,"reflect, translate, resemble, transform, revolve, interpret, morph, mimic, exemplify, encapsulate"
40,31,84,587,"stop, avoid, resist, disappoint, distract, fail, deny, detract, hide, ignore"
40,32,88,2124,"mean, love, present, lack, count, name, sport, matter, balance, care"
40,33,110,408,"hear, mine, hew, hark, nip, wove, liven, jib, hem, plumb"
40,34,45,5662,"look, seem, find, describe, tell, decide, experiment, discover, recognize, indicate"
40,35,95,35343,"be, work, become, inspire, continue, produce, manage, live, remain, grow"
40,36,51,1364,"walk, fall, run, step, fly, slip, float, dip, hop, jump"
40,37,49,241,"underscore, limit, overwhelm, extrapolate, offset, overlay, overshadow, underpin, exaggerate, overpower"
40,38,94,266,"veer, patchworke, hone, ampe, soundtracke, imbue, vie, devise, wreathe, augur"
40,39,91,4920,"say, prove, expect, claim, allow, insist, deserve, believe, appeal, promise"
45,0,55,365,"mark, name, stud, garner, shin, bond, chase, ponder, bill, rouse"
45,1,71,499,"miss, appreciate, up, err, par, hew, hark, nip, liven, teeter"
45,2,67,1509,"cut, grow, fit, extend, transform, crop, expand, trim, stretch, gain"
45,3,39,677,"love, marry, shy, adore, seduce, tease, thrill, creep, delight, rub"
45,4,46,239,"define, resonate, abstract, deconstruct, dissect, materialize, symbolize, devolve, visualize, personify"
45,5,68,619,"return, recall, revisit, reappear, repeat, reprise, re, back, relaunche, rein"
45,6,77,1009,"mean, echo, treat, scream, temper, tear, allude, burn, poise, revel"
45,7,100,463,"stag, riff, splice, stomp, billow, pluck, rattle, scatter, clamor, slink"
45,8,64,923,"move, represent, range, land, place, visit, address, spot, occupy, ground"
45,9,46,3913,"look, describe, choose, decide, ask, count, experiment, check, discover, recognize"
45,10,69,380,"snap, shrug, nod, shake, splash, waft, jib, swish, buzz, swoop"
45,11,111,789,"top, base, debut, dub, mine, star, obscure, team, rock, accent"
45,12,107,1870,"feature, sound, lack, form, head, influence, sport, benefit, matter, balance"
45,13,120,707,"lead, pop, bear, round, toy, blossom, sprout, inch, dot, perch"
45,14,76,4602,"work, use, call, follow, hit, help, pull, push, launch, stick"
45,15,59,604,"reflect, soften, fill, absorb, lighten, morph, refine, dissolve, accentuate, delve"
45,16,36,550,"reveal, wrap, tuck, strip, zip, loosen, twist, fold, unfold, unzip"
45,17,90,984,"emerge, evoke, rise, conjure, inject, attract, elevate, embody, descend, infuse"
45,18,69,2029,"wear, dress, cover, drape, layer, accessorize, style, weave, suit, tailor"
45,19,91,179,"juxtapose, meld, wove, intuit, yearn, amble, bejewel, christen, enthral, spellbind"
45,20,57,366,"blow, crave, spill, eat, slice, graze, seize, tempt, pronounce, scoop"
45,21,45,418,"change, replace, revolve, reinterpret, rework, reconfigure, reimagine, reinvent, rethink, customize"
45,22,88,419,"wash, destine, surface, ensure, compound, distil, dye, chalk, leaven, mold"
45,23,77,5566,"go, feel, start, stand, continue, live, remain, lose, win, stay"
45,24,75,803,"leave, abandon, explode, fade, escape, disappear, kill, shed, surrender, detract"
45,25,128,5253,"see, know, open, close, present, end, try, happen, reference, point"
45,26,32,566,"talk, meet, settle, argue, threaten, fight, compete, compromise, encounter, solve"
45,27,65,807,"mix, combine, gather, separate, join, merge, divide, split, pile, excel"
45,28,33,158,"wind, spring, breeze, hail, warm, storm, dry, fire, rain, fan"
45,29,94,268,"veer, patchworke, hone, ampe, soundtracke, imbue, devise, evince, blare, wreathe"
45,30,50,3803,"make, create, build, produce, develop, earn, construct, yield, derive, invent"
45,31,64,1354,"explain, translate, emphasize, understand, embellish, underscore, spell, elaborate, interpret, suppose"
45,32,76,2029,"turn, walk, run, step, fly, drive, trail, travel, steer, cross"
45,33,86,6959,"say, come, prove, tell, claim, deserve, believe, hear, promise, ought"
45,34,53,1247,"design, draw, decorate, print, embroider, shape, paint, knit, render, sew"
45,35,73,924,"edge, display, flare, peek, shine, showcase, flash, fuse, slash, highlight"
45,36,65,36863,"be, do, seem, think, play, like, read, imagine, focus, sit"
45,37,56,1294,"find, capture, catch, tend, evolve, seek, trace, stray, stalk, beg"
45,38,98,1496,"fall, throw, slip, float, dip, swing, spin, roll, toss, lean"
45,39,60,536,"stop, appeal, avoid, resist, distract, fail, deny, hide, ignore, refuse"
45,40,105,15188,"have, take, want, get, give, put, add, need, keep, bring"
45,41,108,852,"line, whip, nail, cinch, bind, belt, ring, sling, strut, cling"
45,42,45,175,"underline, overwhelm, extrapolate, overlay, overshadow, underpin, exaggerate, overpower, understate, outdo"
45,43,128,7594,"show, include, become, appear, inspire, begin, provide, manage, serve, apply"
45,44,71,1499,"set, hold, strike, break, match, notice, kick, march, cast, plan"
50,0,57,1877,"feel, celebrate, embrace, treat, care, hurt, scream, hug, relate, suffer"
50,1,85,10650,"come, get, use, start, play, call, bring, begin, stand, follow"
50,2,69,1704,"turn, throw, slip, swing, spin, roll, shift, toss, steer, revolve"
50,3,126,303,"veer, hone, ampe, leaven, soundtracke, imbue, vie, tout, devise, evince"
50,4,77,762,"cover, layer, base, land, place, ring, anchor, spot, frame, center"
50,5,32,185,"reinterpret, refine, rework, re, relaunche, reiterate, rethink, recast, redefine, refract"
50,6,70,966,"grow, change, extend, transform, expand, embellish, raise, gain, morph, scale"
50,7,59,636,"deserve, appeal, realize, lie, admit, acknowledge, disappoint, boast, dare, dedicate"
50,8,135,3961,"open, set, feature, pair, close, end, reference, step, name, finish"
50,9,90,348,"bear, toy, sprout, billow, bubble, jib, plumb, jibe, bustle, balloon"
50,10,56,1518,"wear, dress, style, suit, tailor, lace, adorn, clothe, fashion, helm"
50,11,94,15260,"have, say, do, see, know, find, think, mean, hit, try"
50,12,57,483,"accessorize, fill, highlight, fade, surface, compound, accentuate, underline, brush, dye"
50,13,70,375,"cross, slash, strut, rock, shin, part, dot, rein, chase, patch"
50,14,69,744,"mix, combine, gather, separate, merge, divide, split, juxtapose, integrate, mingle"
50,15,48,542,"return, recall, revisit, reappear, repeat, reprise, back, reconfigure, reverse, recur"
50,16,86,343,"stag, stray, snake, scatter, swoop, flock, scissor, slink, shorn, chop"
50,17,69,636,"introduce, execute, inject, enter, infuse, exude, encapsulate, inset, invent, insert"
50,18,72,30921,"be, spell, indulge, adore, lavish, seduce, tempt, thrill, delight, allude"
50,19,75,375,"explode, absorb, dissolve, delve, derive, transpire, melt, deconstruct, dissect, evaporate"
50,20,71,392,"snap, shrug, nod, hew, tick, hark, nip, creep, waft, swish"
50,21,45,3303,"show, appear, present, tell, reveal, demonstrate, mention, notice, announce, debut"
50,22,84,7310,"take, want, give, put, add, keep, send, offer, hold, sell"
50,23,61,428,"avoid, resist, distract, contain, deny, threaten, detract, hide, ignore, refuse"
50,24,59,664,"run, hop, jump, sweep, stride, skip, dance, trot, stomp, stumble"
50,25,35,176,"underscore, overwhelm, extrapolate, overlay, overshadow, underpin, exaggerate, overpower, understate, undercut"
50,26,33,603,"draw, decorate, embroider, paint, sew, patchworke, carve, craft, sculpt, mesh"
50,27,72,2199,"explain, describe, imagine, evoke, reflect, translate, define, emphasize, conjure, resemble"
50,28,47,884,"sit, fit, hang, soften, stretch, lift, weigh, lean, concentrate, loosen"
50,29,57,2396,"go, leave, stay, break, drop, abandon, escape, disappear, shed, surrender"
50,30,50,756,"launch, deliver, arrive, express, march, address, parade, stamp, direct, deploy"
50,31,78,1181,"love, lack, count, influence, benefit, matter, face, crave, cause, sense"
50,32,62,886,"sound, echo, speak, hear, riff, sing, resonate, listen, accent, dictate"
50,33,62,404,"pop, fuse, destine, light, wind, ground, spring, breeze, warm, lunch"
50,34,47,1184,"walk, fall, explore, fly, lay, trail, travel, trace, visit, venture"
50,35,40,399,"top, rise, elevate, up, ramp, aspire, climb, mount, offset, peak"
50,36,82,1854,"cut, pull, drape, wrap, crop, tuck, trim, whip, cinch, knit"
50,37,74,556,"float, dip, flow, wash, spill, pile, pour, splash, dispense, distil"
50,38,52,558,"evolve, flare, shine, flash, blossom, glow, spark, flutter, sparkle, bloom"
50,39,93,681,"mark, represent, dub, cast, mine, star, par, stud, garner, associate"
50,40,57,4899,"make, include, need, design, build, produce, print, require, pack, yield"
50,41,50,1270,"prove, expect, claim, allow, insist, promise, remind, confirm, refer, guarantee"
50,42,102,5056,"work, become, inspire, move, create, provide, manage, remain, apply, develop"
50,43,34,742,"lose, win, match, tie, kick, sport, settle, struggle, argue, challenge"
50,44,56,5070,"look, seem, like, experiment, watch, peek, obsess, smile, linger, shy"
50,45,46,440,"emerge, dominate, precede, advance, prevail, seize, anticipate, predict, propel, command"
50,46,36,209,"replace, reimagine, reinvent, revive, replicate, modernize, preserve, reinvigorate, relegate, remake"
50,47,67,956,"focus, capture, aim, reach, range, render, filter, segue, switch, signal"
50,48,78,164,"meld, wove, liven, bestow, yearn, heed, wail, wilt, heave, laud"
50,49,67,1138,"carry, lead, stick, catch, line, shape, edge, tap, head, nail"
