term,category,subcategory,n_words
shirt,garment,upperbody,1
blouse,garment,upperbody,1
top,garment,upperbody,1
t - shirt,garment,upperbody,3
sweatshirt,garment,upperbody,1
sweater,garment,upperbody,1
cardigan,garment,upperbody,1
jacket,garment,upperbody,1
vest,garment,upperbody,1
pant,garment,lowerbody,1
short,garment,lowerbody,1
skirt,garment,lowerbody,1
coat,garment,wholebody,1
dress,garment,wholebody,1
jumpsuit,garment,wholebody,1
cape,garment,wholebody,1
glass,accessory,head,1
hat,accessory,head,1
headband,accessory,head,1
head cover,accessory,head,2
hair accessory,accessory,head,2
tie,accessory,none,1
glove,accessory,arms_and_hands,1
watch,accessory,arms_and_hands,1
belt,accessory,none,1
leg warm,accessory,legs_and_feet,2
tight,accessory,legs_and_feet,1
stocking,accessory,legs_and_feet,1
sock,accessory,legs_and_feet,1
shoe,accessory,legs_and_feet,1
bag,accessory,none,1
wallet,accessory,none,1
scarf,accessory,none,1
umbrella,accessory,none,1
hood,garment,garment_part,1
collar,garment,garment_part,1
lapel,garment,garment_part,1
epaulette,garment,garment_part,1
sleeve,garment,garment_part,1
pocket,garment,garment_part,1
neckline,garment,garment_part,1
buckle,garment,closure,1
zipper,garment,closure,1
applique,style,embellishment,1
bead,style,embellishment,1
bow,style,embellishment,1
flower,style,embellishment,1
fringe,style,embellishment,1
ribbon,style,embellishment,1
rivet,style,embellishment,1
ruffle,style,embellishment,1
sequin,style,embellishment,1
tassel,style,embellishment,1
classic,garment,garment_type,1
polo,garment,garment_type,1
undershirt,garment,garment_type,1
henley,garment,garment_type,1
ringer,garment,garment_type,1
raglan,garment,garment_type,1
rugby,garment,garment_type,1
sailor,garment,garment_type,1
crop,garment,garment_type,1
halter,garment,garment_type,1
camisole,garment,garment_type,1
tank,garment,garment_type,1
peasant,garment,garment_type,1
tube,garment,garment_type,1
tunic,garment,garment_type,1
smock,garment,garment_type,1
hoodie,garment,garment_type,1
blazer,garment,garment_type,1
pea,garment,garment_type,1
puffer,garment,garment_type,1
biker,garment,garment_type,1
trucker,garment,garment_type,1
bomber,garment,garment_type,1
anorak,garment,garment_type,1
safari,garment,garment_type,1
mao,garment,garment_type,1
nehru,garment,garment_type,1
norfolk,garment,garment_type,1
classic military,garment,garment_type,2
track,garment,garment_type,1
windbreaker,garment,garment_type,1
chanel,garment,garment_type,1
bolero,garment,garment_type,1
tuxedo,garment,garment_type,1
varsity,garment,garment_type,1
jean,garment,garment_type,1
sweatpant,garment,garment_type,1
legging,garment,garment_type,1
hip - hugger,garment,garment_type,3
cargo,garment,garment_type,1
culotte,garment,garment_type,1
capri,garment,garment_type,1
harem,garment,garment_type,1
jodhpur,garment,garment_type,1
peg,garment,garment_type,1
camo,garment,garment_type,1
booty,garment,garment_type,1
bermuda,garment,garment_type,1
trunk,garment,garment_type,1
boardshort,garment,garment_type,1
skort,garment,garment_type,1
roll - up,garment,garment_type,3
tie - up,garment,garment_type,3
lounge,garment,garment_type,1
bloomer,garment,garment_type,1
tutu,garment,garment_type,1
kilt,garment,garment_type,1
wrap,garment,garment_type,1
skater,garment,garment_type,1
hobble,garment,garment_type,1
sheath,garment,garment_type,1
ball gown,garment,garment_type,2
gypsy,garment,garment_type,1
rah - rah,garment,garment_type,3
prairie,garment,garment_type,1
flamenco,garment,garment_type,1
accordion,garment,garment_type,1
sarong,garment,garment_type,1
tulip,garment,garment_type,1
dirndl,garment,garment_type,1
godet,garment,garment_type,1
blanket,garment,garment_type,1
parka,garment,garment_type,1
trench,garment,garment_type,1
shearle,garment,garment_type,1
teddy bear,garment,garment_type,2
duster,garment,garment_type,1
raincoat,garment,garment_type,1
kimono,garment,garment_type,1
robe,garment,garment_type,1
duffle,garment,garment_type,1
military,garment,garment_type,1
swing,garment,garment_type,1
chemise,garment,garment_type,1
slip,garment,garment_type,1
cheongsam,garment,garment_type,1
jumper,garment,garment_type,1
shift,garment,garment_type,1
sundress,garment,garment_type,1
kaftan,garment,garment_type,1
bodycon,garment,garment_type,1
nightgown,garment,garment_type,1
gown,garment,garment_type,1
tea,garment,garment_type,1
blouson,garment,garment_type,1
asymmetrical,style,silhouette,1
symmetrical,style,silhouette,1
peplum,style,silhouette,1
circle,style,silhouette,1
flare,style,silhouette,1
fit and flare,style,silhouette,3
trumpet,style,silhouette,1
mermaid,style,silhouette,1
balloon,style,silhouette,1
bell,style,silhouette,1
bell bottom,style,silhouette,2
bootcut,style,silhouette,1
pencil,style,silhouette,1
straight,style,silhouette,1
a - line,style,silhouette,3
tent,style,silhouette,1
baggy,style,silhouette,1
wide leg,style,silhouette,2
high low,style,silhouette,2
curved,style,silhouette,1
regular,style,silhouette,1
loose,style,silhouette,1
oversized,style,silhouette,1
empire waistline,garment,waistline,2
drop waistline,garment,waistline,2
high waist,garment,waistline,2
normal waist,garment,waistline,2
low waist,garment,waistline,2
basque,garment,waistline,1
no waistline,garment,waistline,2
above - the - hip,style,length,5
hip,style,length,1
micro,style,length,1
mini,style,length,1
above - the - knee,style,length,5
knee,style,length,1
below the knee,style,length,3
midi,style,length,1
maxi,style,length,1
floor,style,length,1
sleeveless,style,length,1
elbow - length,style,length,3
three quarter,style,length,2
wrist - length,style,length,3
asymmetric,garment,garment_type,1
chelsea,garment,garment_type,1
band,garment,garment_type,1
mandarin,garment,garment_type,1
peter pan,garment,garment_type,2
stand - away,garment,garment_type,3
jabot,garment,garment_type,1
notch,garment,garment_type,1
peak,garment,garment_type,1
shawl,garment,garment_type,1
napoleon,garment,garment_type,1
collarless,garment,neckline_type,1
crew,garment,neckline_type,1
round,garment,neckline_type,1
v - neck,garment,neckline_type,3
surplice,garment,neckline_type,1
oval,garment,neckline_type,1
u - neck,garment,neckline_type,3
sweetheart,garment,neckline_type,1
queen anne,garment,neckline_type,2
boat,garment,neckline_type,1
scoop,garment,neckline_type,1
square,garment,neckline_type,1
plunge,garment,neckline_type,1
keyhole,garment,neckline_type,1
crossover,garment,neckline_type,1
choker,garment,neckline_type,1
high,garment,neckline_type,1
turtle,garment,neckline_type,1
cowl,garment,neckline_type,1
straight across,garment,neckline_type,2
illusion,garment,neckline_type,1
off - the - shoulder,garment,neckline_type,5
one shoulder,garment,neckline_type,2
set - in sleeve,garment,garment_type,4
drop - shoulder sleeve,garment,garment_type,4
cap,garment,garment_type,1
puff,garment,garment_type,1
circular flounce,garment,garment_type,2
poet,garment,garment_type,1
bishop,garment,garment_type,1
leg of mutton,garment,garment_type,3
patch,garment,garment_type,1
welt,garment,garment_type,1
kangaroo,garment,garment_type,1
seam,garment,garment_type,1
slash,garment,garment_type,1
flap,garment,garment_type,1
single breasted,garment,opening_type,2
double breasted,garment,opening_type,2
lace up,garment,opening_type,2
zip - up,garment,opening_type,3
fly,garment,opening_type,1
chain,garment,opening_type,1
toggle,garment,opening_type,1
plastic,material,non_textile_material_type,1
rubber,material,non_textile_material_type,1
metal,material,non_textile_material_type,1
feather,material,non_textile_material_type,1
gem,material,non_textile_material_type,1
bone,material,non_textile_material_type,1
ivory,material,non_textile_material_type,1
fur,material,non_textile_material_type,1
suede,material,non_textile_material_type,1
crocodile,material,non_textile_material_type,1
snakeskin,material,non_textile_material_type,1
wood,material,non_textile_material_type,1
burnout,style,textile_technique,1
distressed,style,textile_technique,1
wash,style,textile_technique,1
emboss,style,textile_technique,1
fray,style,textile_technique,1
print,style,textile_technique,1
ruched,style,textile_technique,1
quilt,style,textile_technique,1
pleat,style,textile_technique,1
gather,style,textile_technique,1
smocking,style,textile_technique,1
tiered,style,textile_technique,1
cutout,style,textile_technique,1
slit,style,textile_technique,1
perforate,style,textile_technique,1
lining,style,textile_technique,1
plain,style,textile_pattern,1
abstract,style,textile_pattern,1
cartoon,style,textile_pattern,1
camouflage,style,textile_pattern,1
check,style,textile_pattern,1
dot,style,textile_pattern,1
fair isle,style,textile_pattern,2
floral,style,textile_pattern,1
geometric,style,textile_pattern,1
paisley,style,textile_pattern,1
stripe,style,textile_pattern,1
houndstooth,style,textile_pattern,1
herringbone,style,textile_pattern,1
chevron,style,textile_pattern,1
argyle,style,textile_pattern,1
leopard,style,textile_pattern,1
cheetah,style,textile_pattern,1
peacock,style,textile_pattern,1
zebra,style,textile_pattern,1
giraffe,style,textile_pattern,1
toile de jouy,style,textile_pattern,3
plant,style,textile_pattern,1
gold,color,none,1
brown,color,none,1
ecru,color,none,1
pink,color,none,1
khaki,color,none,1
white,color,none,1
nude,color,none,1
silver,color,none,1
burgundy,color,none,1
yellow,color,none,1
red,color,none,1
cream,color,none,1
camel,color,none,1
purple,color,none,1
blue,color,none,1
orange,color,none,1
grey,color,none,1
navy,color,none,1
green,color,none,1
gray,color,none,1
black,color,none,1
beige,color,none,1
resort,occasion,none,1
evening,occasion,none,1
daywear,occasion,none,1
cocktail,occasion,none,1
bridal,occasion,none,1
kapok,material,textile_fibre,1
jute,material,textile_fibre,1
acetate,material,textile_fibre,1
hemp,material,textile_fibre,1
cashmere,material,textile_fibre,1
byssus,material,textile_fibre,1
cotton,material,textile_fibre,1
sisal,material,textile_fibre,1
nylon,material,textile_fibre,1
yak,material,textile_fibre,1
bamboo,material,textile_fibre,1
ramie,material,textile_fibre,1
polyester,material,textile_fibre,1
qiviut,material,textile_fibre,1
flax,material,textile_fibre,1
mohair,material,textile_fibre,1
kenaf,material,textile_fibre,1
raffia,material,textile_fibre,1
angora,material,textile_fibre,1
vicuna,material,textile_fibre,1
lycra,material,textile_fibre,1
modal,material,textile_fibre,1
spider silk,material,textile_fibre,2
eri,material,textile_fibre,1
lambswool,material,textile_fibre,1
spandex,material,textile_fibre,1
elastane,material,textile_fibre,1
rayon,material,textile_fibre,1
rabbit,material,textile_fibre,1
wool,material,textile_fibre,1
llama,material,textile_fibre,1
kevlar,material,textile_fibre,1
alpaca,material,textile_fibre,1
chiengora,material,textile_fibre,1
coir,material,textile_fibre,1
silk,material,textile_fibre,1
modacrylic,material,textile_fibre,1
lyocell,material,textile_fibre,1
azlon,material,textile_fibre,1
acrylic,material,textile_fibre,1
nomex,material,textile_fibre,1
abaca,material,textile_fibre,1
faux fur,material,fabric_type,2
mackinaw,material,fabric_type,1
zephyr,material,fabric_type,1
feel,material,fabric_type,1
batiste,material,fabric_type,1
cotton duck,material,fabric_type,2
dot swiss,material,fabric_type,2
surah,material,fabric_type,1
loden,material,fabric_type,1
double cloth,material,fabric_type,2
lace,material,fabric_type,1
cretonne,material,fabric_type,1
georgette,material,fabric_type,1
aertex,material,fabric_type,1
stockinette,material,fabric_type,1
dobby,material,fabric_type,1
jacquard knit,material,fabric_type,2
knit,material,fabric_type,1
baize,material,fabric_type,1
pongee,material,fabric_type,1
oilskin,material,fabric_type,1
boil wool,material,fabric_type,2
moquette,material,fabric_type,1
barkcloth,material,fabric_type,1
crepe,material,fabric_type,1
eolienne,material,fabric_type,1
batik,material,fabric_type,1
chenille,material,fabric_type,1
broadcloth,material,fabric_type,1
organdy,material,fabric_type,1
taffeta,material,fabric_type,1
sharkskin,material,fabric_type,1
barathea,material,fabric_type,1
foulard,material,fabric_type,1
longcloth,material,fabric_type,1
broderie anglaise,material,fabric_type,2
organza,material,fabric_type,1
net,material,fabric_type,1
seersucker,material,fabric_type,1
gauze,material,fabric_type,1
rib knit,material,fabric_type,2
shoot silk,material,fabric_type,2
cheesecloth,material,fabric_type,1
corduroy,material,fabric_type,1
crash,material,fabric_type,1
mesh,material,fabric_type,1
gingham,material,fabric_type,1
canvas,material,fabric_type,1
crepe de chine,material,fabric_type,3
charmeuse,material,fabric_type,1
camlet,material,fabric_type,1
gabardine,material,fabric_type,1
polar fleece,material,fabric_type,2
dimity,material,fabric_type,1
flannelette,material,fabric_type,1
satin,material,fabric_type,1
dupioni silk,material,fabric_type,2
chiffon,material,fabric_type,1
twill,material,fabric_type,1
pique,material,fabric_type,1
fustian,material,fabric_type,1
ripstop,material,fabric_type,1
donegal tweed,material,fabric_type,2
faux leather,material,fabric_type,2
tricot,material,fabric_type,1
terrycloth,material,fabric_type,1
moire,material,fabric_type,1
habutai,material,fabric_type,1
brilliantine,material,fabric_type,1
serge,material,fabric_type,1
velvet,material,fabric_type,1
damask,material,fabric_type,1
cambric,material,fabric_type,1
chintz,material,fabric_type,1
crochet,material,fabric_type,1
harris tweed,material,fabric_type,2
grenadine,material,fabric_type,1
muslin,material,fabric_type,1
rep,material,fabric_type,1
denim,material,fabric_type,1
cloque,material,fabric_type,1
charvet,material,fabric_type,1
linsey - woolsey,material,fabric_type,3
sateen,material,fabric_type,1
plisse,material,fabric_type,1
plush,material,fabric_type,1
madras,material,fabric_type,1
bedford cord,material,fabric_type,2
drugget,material,fabric_type,1
interlock jersey,material,fabric_type,2
tapestry,material,fabric_type,1
whipcord,material,fabric_type,1
lawn cloth,material,fabric_type,2
peau de soie,material,fabric_type,3
bengaline silk,material,fabric_type,2
lame,material,fabric_type,1
boucle,material,fabric_type,1
velour,material,fabric_type,1
worst wool,material,fabric_type,2
brocade,material,fabric_type,1
mousseline,material,fabric_type,1
tweed,material,fabric_type,1
buckram,material,fabric_type,1
fishnet,material,fabric_type,1
tulle,material,fabric_type,1
tartan,material,fabric_type,1
toile,material,fabric_type,1
lampas,material,fabric_type,1
burlap,material,fabric_type,1
scrim,material,fabric_type,1
flannel,material,fabric_type,1
percale,material,fabric_type,1
voile,material,fabric_type,1
melton,material,fabric_type,1
grosgrain,material,fabric_type,1
moleskin,material,fabric_type,1
calico,material,fabric_type,1
etamine,material,fabric_type,1
ghalamkar,material,fabric_type,1
matelasse,material,fabric_type,1
sailcloth,material,fabric_type,1
gazar,material,fabric_type,1
drill,material,fabric_type,1
jersey,material,fabric_type,1
poplin,material,fabric_type,1
jamdani,material,fabric_type,1
ottoman,material,fabric_type,1
challis,material,fabric_type,1
shantung,material,fabric_type,1
duck,material,fabric_type,1
dungaree,material,fabric_type,1
bombazine,material,fabric_type,1
bobbinet,material,fabric_type,1
neoprene,material,fabric_type,1
chino,material,fabric_type,1
velveteen,material,fabric_type,1
leather,material,non_textile_material_type,1
suit,garment,wholebody,1
trouser,garment,lowerbody,1
shoulder,garment,garment_part,1
bodice,garment,garment_part,1
hem,garment,garment_part,1
panel,garment,garment_part,1
trim,garment,garment_part,1
waist,garment,garment_part,1
embroidery,style,embellishment,1
zip,garment,closure,1
button,garment,closure,1
shape,style,style_descriptor,1
vintage,style,style_descriptor,1
ornate,style,style_descriptor,1
textured,style,style_descriptor,1
structure,style,style_descriptor,1
fluid,style,style_descriptor,1
masculine,style,style_descriptor,1
tailor,style,style_descriptor,1
casual,style,style_descriptor,1
graphic,style,style_descriptor,1
luxurious,style,style_descriptor,1
sporty,style,style_descriptor,1
monochrome,style,style_descriptor,1
elegant,style,style_descriptor,1
sleek,style,style_descriptor,1
embellish,style,style_descriptor,1
dramatic,style,style_descriptor,1
sheer,style,style_descriptor,1
minimal,style,style_descriptor,1
romantic,style,style_descriptor,1
feminine,style,style_descriptor,1
voluminous,style,style_descriptor,1
wide,style,style_descriptor,1
drape,style,style_descriptor,1
layer,style,style_descriptor,1
sculptural,style,style_descriptor,1
slouchy,style,style_descriptor,1
opulent,style,style_descriptor,1
deconstruct,style,style_descriptor,1
slim,style,style_descriptor,1
fit,style,style_descriptor,1
long,style,style_descriptor,1
polished,style,style_descriptor,1
hannah marshall,brand,none,2
ace & jig,brand,none,3
cushnie et ochs,brand,none,3
lizzy disney,brand,none,2
erin fetherston,brand,none,2
mary ping,brand,none,2
chadwick bell,brand,none,2
victor alfaro,brand,none,2
versace,brand,none,1
chalayan,brand,none,1
moschino cheap and chic,brand,none,4
nina donis,brand,none,2
michael kors,brand,none,2
gant by michael bastian,brand,none,4
martine sitbon,brand,none,2
the lake & stars,brand,none,4
band of outsiders,brand,none,3
doo.ri,brand,none,1
delpozo,brand,none,1
russell sage,brand,none,2
see by chloé,brand,none,3
nyc 2000,brand,none,2
j. mendel,brand,none,2
pamela dennis,brand,none,2
aquascutum,brand,none,1
rachel comey,brand,none,2
iceberg,brand,none,1
les copains,brand,none,2
john rocha,brand,none,2
lela rose,brand,none,2
krystof strozyna,brand,none,2
cher michel klein,brand,none,3
elie saab,brand,none,2
behnaz sarafpour,brand,none,2
alistair carr,brand,none,2
duro olowu,brand,none,2
christian wijnants,brand,none,2
cerruti,brand,none,1
givenchy,brand,none,1
bernhard willhelm,brand,none,2
jean paul gaultier,brand,none,3
vivienne westwood red label,brand,none,4
j.w. anderson,brand,none,2
edeline lee,brand,none,2
nahm,brand,none,1
blk dnm,brand,none,2
norma kamali,brand,none,2
cut25 by yigal azrouôl,brand,none,4
sabyasachi,brand,none,1
theory,brand,none,1
"victoria, victoria beckham",brand,none,3
cg,brand,none,1
menichetti,brand,none,1
crippen,brand,none,1
sari gueron,brand,none,2
tibi,brand,none,1
a détacher,brand,none,2
zadig & voltaire,brand,none,3
j.crew,brand,none,1
belstaff,brand,none,1
bcbg max azria,brand,none,3
balmain,brand,none,1
katie eary,brand,none,2
philipp plein,brand,none,2
kai kùhne,brand,none,2
fendi,brand,none,1
perry ellis,brand,none,2
rock & republic,brand,none,3
piazza sempione,brand,none,2
peter som,brand,none,2
io ipse idem,brand,none,3
elise øverland,brand,none,2
gabriele colangelo,brand,none,2
a.p.c.,brand,none,1
katie ermilio,brand,none,2
ppq,brand,none,1
pam &amp; gela,brand,none,3
juan carlos obando,brand,none,3
raquel allegra,brand,none,2
robert cary-williams,brand,none,2
marchesa voyage,brand,none,2
6267,brand,none,1
rhié,brand,none,1
dsquared2,brand,none,1
dirk bikkembergs,brand,none,2
giles,brand,none,1
ruffian,brand,none,1
dolce & gabbana,brand,none,3
damir doma,brand,none,2
misha nonoo,brand,none,2
a.l.c.,brand,none,1
jean-charles de castelbajac,brand,none,3
trovata,brand,none,1
elizabeth and james,brand,none,3
nicole miller,brand,none,2
kaelen,brand,none,1
monique lhuillier,brand,none,2
samuji,brand,none,1
barbara tfank,brand,none,2
koi suwannagate,brand,none,2
antonio marras,brand,none,2
peter soronen,brand,none,2
icarius de menezes,brand,none,3
thakoon addition,brand,none,2
haider ackermann,brand,none,2
mark eisen,brand,none,2
ellen tracy,brand,none,2
alessandro dell'acqua,brand,none,2
charles anastase,brand,none,2
louise gray,brand,none,2
rachel roy,brand,none,2
emilio pucci,brand,none,2
milly,brand,none,1
kenzo,brand,none,1
eric bergère,brand,none,2
sacai,brand,none,1
rosie assoulin,brand,none,2
naoki takizawa,brand,none,2
burberry prorsum,brand,none,2
alice roi,brand,none,2
rodebjer,brand,none,1
thakoon,brand,none,1
douglas hannant,brand,none,2
billy reid,brand,none,2
mulberry,brand,none,1
valentino,brand,none,1
cacharel,brand,none,1
carlos miele,brand,none,2
sportmax,brand,none,1
tom ford,brand,none,2
c-neeon,brand,none,1
kimberly ovitz,brand,none,2
malandrino,brand,none,1
preen by thornton bregazzi,brand,none,4
libertine,brand,none,1
steven alan,brand,none,2
costume national,brand,none,2
trademark,brand,none,1
thom browne,brand,none,2
charlotte ronson,brand,none,2
phi,brand,none,1
sharon wauchob,brand,none,2
rebecca danenberg,brand,none,2
graeme black,brand,none,2
talbot runhof,brand,none,2
altuzarra,brand,none,1
james long,brand,none,2
yohji yamamoto,brand,none,2
adeam,brand,none,1
the elder statesman,brand,none,3
christian lacroix,brand,none,2
rick owens,brand,none,2
zimmermann,brand,none,1
richard tyler,brand,none,2
devi kroell,brand,none,2
krizia top,brand,none,2
hanii y,brand,none,2
azzaro,brand,none,1
kenneth cole collection,brand,none,3
blumarine,brand,none,1
emilio de la morena,brand,none,4
rad by rad hourani,brand,none,4
derek lam,brand,none,2
ter et bantine,brand,none,3
escada,brand,none,1
farah angsana,brand,none,2
anthony vaccarello,brand,none,2
albino,brand,none,1
comme des garçons,brand,none,3
erdem,brand,none,1
yigal azrouôl,brand,none,2
habitual,brand,none,1
ashish,brand,none,1
tyler,brand,none,1
generra,brand,none,1
sebastian pons,brand,none,2
ann-sofie back atelje,brand,none,3
chris benz,brand,none,2
anna molinari,brand,none,2
sinha-stanic,brand,none,1
bensoni,brand,none,1
moschino,brand,none,1
benjamin cho,brand,none,2
katy rodriguez,brand,none,2
nicole farhi,brand,none,2
alexandre matthieu,brand,none,2
sally lapointe,brand,none,2
betty jackson,brand,none,2
rad hourani,brand,none,2
daryl k,brand,none,2
jil sander,brand,none,2
zero + maria cornejo,brand,none,4
whistles,brand,none,1
roberto cavalli,brand,none,2
mother of pearl,brand,none,3
daks,brand,none,1
daughters,brand,none,1
jen kao,brand,none,2
hamish morrow,brand,none,2
tucker,brand,none,1
cynthia steffe,brand,none,2
nonoo,brand,none,1
ports 1961,brand,none,2
kinder aggugini,brand,none,2
as four,brand,none,2
luella,brand,none,1
tao,brand,none,1
armand basi one,brand,none,3
revillon,brand,none,1
adidas by stella mccartney,brand,none,4
miss wu,brand,none,2
balenciaga,brand,none,1
dion lee,brand,none,2
bebe,brand,none,1
honor,brand,none,1
nathan jenden,brand,none,2
victoria beckham,brand,none,2
richard edwards,brand,none,2
markus lupfer,brand,none,2
anne valérie hash,brand,none,3
francesco scognamiglio,brand,none,2
max azria,brand,none,2
viktor & rolf,brand,none,3
josh goot,brand,none,2
topshop unique,brand,none,2
john galliano,brand,none,2
polo ralph lauren,brand,none,3
sonia by sonia rykiel,brand,none,4
gardem,brand,none,1
lp.bg,brand,none,1
marjan pejoski,brand,none,2
barbara bui,brand,none,2
manish arora,brand,none,2
sb47,brand,none,1
joe casely-hayford,brand,none,2
edun,brand,none,1
jenny packham,brand,none,2
adam lippes,brand,none,2
marchesa,brand,none,1
wes gordon,brand,none,2
bally,brand,none,1
wink,brand,none,1
araks,brand,none,1
central saint martins,brand,none,3
marni,brand,none,1
calla,brand,none,1
sass & bide,brand,none,3
hunter original,brand,none,2
jasmine di milo,brand,none,3
hervé léger by max azria,brand,none,5
richard chai love,brand,none,3
wren,brand,none,1
coach,brand,none,1
j brand,brand,none,2
martin grant,brand,none,2
lacoste,brand,none,1
céline,brand,none,1
vfiles,brand,none,1
bruce,brand,none,1
brandon sun,brand,none,2
m.patmos,brand,none,1
maison kitsuné,brand,none,2
tuleh,brand,none,1
g-star,brand,none,1
graeme armour,brand,none,2
mandy coon,brand,none,2
hutson,brand,none,1
jenni kayne,brand,none,2
jeremy laing,brand,none,2
jaeger london,brand,none,2
julian louie,brand,none,2
antonio berardi,brand,none,2
kelly wearstler,brand,none,2
peter jensen,brand,none,2
maison martin margiela,brand,none,3
noir,brand,none,1
rodnik,brand,none,1
surface to air,brand,none,3
maxmara atelier,brand,none,2
y-3,brand,none,1
zac posen,brand,none,2
mark mcnairy new amsterdam,brand,none,4
maurizio pecoraro,brand,none,2
trina turk,brand,none,2
simone rocha,brand,none,2
y's,brand,none,1
maki oh,brand,none,2
tribune standard,brand,none,2
luisa beccaria,brand,none,2
charles nolan,brand,none,2
mara hoffman,brand,none,2
sue stemp,brand,none,2
isa arfen,brand,none,2
opening ceremony,brand,none,2
assembly,brand,none,1
ralph rucci,brand,none,2
bella freud,brand,none,2
isabel marant,brand,none,2
loewe,brand,none,1
talbots,brand,none,1
tocca,brand,none,1
commuun,brand,none,1
chloé,brand,none,1
michael angel,brand,none,2
marios schwab,brand,none,2
osman,brand,none,1
paris 68,brand,none,2
brood,brand,none,1
moncler gamme rouge,brand,none,3
sophie theallet,brand,none,2
3.1 phillip lim,brand,none,3
marc jacobs,brand,none,2
cédric charlier,brand,none,2
gareth pugh,brand,none,2
rag & bone,brand,none,3
tia cibani,brand,none,2
jc de castelbajac,brand,none,3
david koma,brand,none,2
maxime simoôns,brand,none,2
matt nye,brand,none,2
shipley & halmos,brand,none,3
gryphon,brand,none,1
sally penn,brand,none,2
sister by sibling,brand,none,3
john bartlett,brand,none,2
sykes,brand,none,1
peter pilotto,brand,none,2
karen walker,brand,none,2
warren noronha,brand,none,2
toni maticevski,brand,none,2
brioni,brand,none,1
helmut lang,brand,none,2
prabal gurung,brand,none,2
carmen marc valvo,brand,none,3
cynthia rowley,brand,none,2
toga,brand,none,1
y & kei,brand,none,3
moncler grenoble,brand,none,2
preen line,brand,none,2
t by alexander wang,brand,none,4
elspeth gibson,brand,none,2
stella mccartney,brand,none,2
nina ricci,brand,none,2
bodkin,brand,none,1
richard nicoll,brand,none,2
versus versace,brand,none,2
heatherette,brand,none,1
reem acra,brand,none,2
michelle lowe_holder,brand,none,2
proenza schouler,brand,none,2
barbara casasola,brand,none,2
brian reyes,brand,none,2
diesel black gold,brand,none,3
elie tahari,brand,none,2
tim hamilton,brand,none,2
alexander wang,brand,none,2
imitation of christ,brand,none,3
alexis mabille,brand,none,2
lyn devon,brand,none,2
orla kiely,brand,none,2
tess giberson,brand,none,2
willow,brand,none,1
house of holland,brand,none,3
jovovich-hawk,brand,none,1
james coviello,brand,none,2
reed krakoff,brand,none,2
boudicca,brand,none,1
dkny,brand,none,1
parsons the new school for design,brand,none,6
vivienne westwood,brand,none,2
tristan webber,brand,none,2
jonathan simkhai,brand,none,2
jil sander navy,brand,none,3
pollini,brand,none,1
theyskens' theory,brand,none,2
cerre,brand,none,1
hood by air,brand,none,3
dries van noten,brand,none,3
fashion fringe,brand,none,2
nicholas k,brand,none,2
vionnet,brand,none,1
alberta ferretti,brand,none,2
rodarte,brand,none,1
rebecca minkoff,brand,none,2
diane von furstenberg,brand,none,3
kaufmanfranco,brand,none,1
skaist-taylor,brand,none,1
veronica beard,brand,none,2
trussardi,brand,none,1
eudon choi,brand,none,2
clover canyon,brand,none,2
m missoni,brand,none,2
undercover,brand,none,1
giambattista valli,brand,none,2
tamara mellon,brand,none,2
organic by john patrick,brand,none,4
yeohlee,brand,none,1
creatures of comfort,brand,none,3
tommy hilfiger,brand,none,2
tod's,brand,none,1
jonathan saunders,brand,none,2
osklen,brand,none,1
vena cava,brand,none,2
lawrence steele,brand,none,2
holmes & yang,brand,none,3
felipe oliveira baptista,brand,none,3
a.w.a.k.e.,brand,none,1
gianfranco ferré,brand,none,2
basso & brooke,brand,none,3
christopher raeburn,brand,none,2
matthew williamson,brand,none,2
issey miyake,brand,none,2
krizia,brand,none,1
tomas maier,brand,none,2
vika gazinskaya,brand,none,2
london roundup,brand,none,2
isaac mizrahi,brand,none,2
hugo boss,brand,none,2
maria grachvogel,brand,none,2
olympia le-tan,brand,none,2
malo,brand,none,1
paule ka,brand,none,2
10 crosby derek lam,brand,none,4
miss sixty,brand,none,2
alabama chanin,brand,none,2
rue du mail,brand,none,3
reyes,brand,none,1
ungaro couture,brand,none,2
guy laroche,brand,none,2
julien david,brand,none,2
hermès,brand,none,1
mm6 maison martin margiela,brand,none,4
lagerfeld gallery,brand,none,2
todd lynn,brand,none,2
blaak,brand,none,1
carven,brand,none,1
ossie clark,brand,none,2
rochas,brand,none,1
l'wren scott,brand,none,2
berardi,brand,none,1
jasper conran,brand,none,2
andrew gn,brand,none,2
tory burch,brand,none,2
kenneth cole new york,brand,none,4
anna sui,brand,none,2
kris van assche,brand,none,3
catherine malandrino,brand,none,2
kate spade new york,brand,none,4
who is on next,brand,none,4
tim van steenbergen,brand,none,3
apiece apart,brand,none,2
chloé sevigny for o.c.,brand,none,4
juicy couture,brand,none,2
josie natori,brand,none,2
novis,brand,none,1
bottega veneta,brand,none,2
piece d'anarchive,brand,none,2
patrik ervell,brand,none,2
nomia,brand,none,1
emporio armani,brand,none,2
lutz & patmos,brand,none,3
kanye west,brand,none,2
tsumori chisato,brand,none,2
fashion east,brand,none,2
roksanda,brand,none,1
creatures of the wind,brand,none,4
jay ahr,brand,none,2
julien macdonald,brand,none,2
zuhair murad,brand,none,2
genny,brand,none,1
meadham kirchhoff,brand,none,2
stephen burrows,brand,none,2
frostfrench,brand,none,1
marissa webb,brand,none,2
eleykishimoto ellesse,brand,none,2
sophomore,brand,none,1
valentin yudashkin,brand,none,2
susan lazar,brand,none,2
alice + olivia,brand,none,3
karl lagerfeld,brand,none,2
chaiken,brand,none,1
aquilano.rimondi,brand,none,1
vera wang lavender label,brand,none,4
bruno pieters,brand,none,2
tze goh,brand,none,2
véronique leroy,brand,none,2
aganovich,brand,none,1
luca luca,brand,none,2
clements ribeiro,brand,none,2
thomas tait,brand,none,2
just cavalli,brand,none,2
fay,brand,none,1
marc by marc jacobs,brand,none,4
duckie brown,brand,none,2
l.a.m.b.,brand,none,1
vivienne tam,brand,none,2
hakaan,brand,none,1
felder felder,brand,none,2
louis vuitton,brand,none,2
whit,brand,none,1
william rast,brand,none,2
joy cioci,brand,none,2
verrier,brand,none,1
porsche design,brand,none,2
red valentino,brand,none,2
christophe lemaire,brand,none,2
m.r.s.,brand,none,1
robert rodriguez,brand,none,2
sea,brand,none,1
katie gallagher,brand,none,2
gary graham,brand,none,2
michon schur,brand,none,2
veronique branquinho,brand,none,2
marco de vincenzo,brand,none,3
ohne titel,brand,none,2
akris,brand,none,1
myrza de muynck,brand,none,3
bill blass,brand,none,2
jill stuart,brand,none,2
daniel vosovic,brand,none,2
ktz,brand,none,1
holly fulton,brand,none,2
gabrielle greiss,brand,none,2
alexander mcqueen,brand,none,2
miu miu,brand,none,2
dean quinn,brand,none,2
etro,brand,none,1
suno,brand,none,1
jasmin shokrian draft no. 17,brand,none,5
pierrot,brand,none,1
bouchra jarrar,brand,none,2
kim jones,brand,none,2
rogan,brand,none,1
acne studios,brand,none,2
alexandre plokhov,brand,none,2
capucci,brand,none,1
michael van der ham,brand,none,4
tommy,brand,none,1
alexandre vauthier,brand,none,2
vpl,brand,none,1
and re walker,brand,none,3
jeremy scott,brand,none,2
max mara,brand,none,2
istvan francer,brand,none,2
twenty8twelve,brand,none,1
a.f. vandevorst,brand,none,2
tracy reese,brand,none,2
byblos,brand,none,1
iris van herpen,brand,none,3
rebecca taylor,brand,none,2
riccardo tisci,brand,none,2
giulietta,brand,none,1
erin wasson x rvca,brand,none,4
mcq alexander mcqueen,brand,none,3
issa,brand,none,1
randolph duke,brand,none,2
christopher kane,brand,none,2
mugler,brand,none,1
tome,brand,none,1
lanvin,brand,none,1
danielle scutt,brand,none,2
co,brand,none,1
derek lam 10 crosby,brand,none,4
camilla and marc,brand,none,3
icb,brand,none,1
st. john,brand,none,2
gap,brand,none,1
narciso rodriguez,brand,none,2
uniqueness,brand,none,1
stärk,brand,none,1
missoni,brand,none,1
arkadius,brand,none,1
frank tell,brand,none,2
the row,brand,none,2
buddhist punk,brand,none,2
visvim,brand,none,1
temperley london,brand,none,2
trager delaney,brand,none,2
strenesse,brand,none,1
emma cook,brand,none,2
maiyet,brand,none,1
gucci,brand,none,1
a.w.a.k.e. by natalia alaverdian,brand,none,4
emanuel ungaro,brand,none,2
christian dior,brand,none,2
wendy nichol,brand,none,2
wunderkind,brand,none,1
mark fast,brand,none,2
modernist,brand,none,1
christian siriano,brand,none,2
vera wang,brand,none,2
nicolas andreas taralis,brand,none,3
shelley fox,brand,none,2
requiem,brand,none,1
united bamboo,brand,none,2
pedro lourenço,brand,none,2
dennis basso,brand,none,2
emilia wickstead,brand,none,2
abaeté,brand,none,1
jens laugesen,brand,none,2
jean-pierre braganza,brand,none,2
diesel,brand,none,1
miguel adrover,brand,none,2
sonia rykiel,brand,none,2
tse,brand,none,1
lisa perry,brand,none,2
joseph,brand,none,1
paul smith,brand,none,2
maison rabih kayrouz,brand,none,3
neil barrett,brand,none,2
biba,brand,none,1
badgley mischka,brand,none,2
tanya taylor,brand,none,2
calvin klein collection,brand,none,3
marques'almeida,brand,none,1
jacquemus,brand,none,1
nanette lepore,brand,none,2
rafael lopez,brand,none,2
ralph lauren,brand,none,2
ellery,brand,none,1
zac zac posen,brand,none,3
francesc by frank tell,brand,none,4
callaghan,brand,none,1
la perla,brand,none,2
olivier theyskens,brand,none,2
carolina herrera,brand,none,2
allegra hicks,brand,none,2
adam selman,brand,none,2
pringle of scotland,brand,none,3
yang li,brand,none,2
joie,brand,none,1
roland mouret,brand,none,2
mary katrantzou,brand,none,2
prada,brand,none,1
sweetface,brand,none,1
jeffrey chow,brand,none,2
christian cota,brand,none,2
gibo,brand,none,1
no. 21,brand,none,2
versus,brand,none,1
wayne,brand,none,1
pamella roland,brand,none,2
costello tagliapietra,brand,none,2
rachel antonoff,brand,none,2
collette dinnigan,brand,none,2
alexandre herchcovitch,brand,none,2
bibhu mohapatra,brand,none,2
custo barcelona,brand,none,2
jason wu,brand,none,2
matthew ames,brand,none,2
paco rabanne,brand,none,2
donna karan,brand,none,2
threeasfour,brand,none,1
msgm,brand,none,1
project alabama,brand,none,2
salvatore ferragamo,brand,none,2
anne klein,brand,none,2
timo weiland,brand,none,2
an american view,brand,none,3
stella jean,brand,none,2
electric feathers,brand,none,2
paul & joe,brand,none,3
kevork kiledjian,brand,none,2
vanessa bruno,brand,none,2
phoebe english,brand,none,2
saint laurent,brand,none,2
saloni,brand,none,1
derercuny,brand,none,1
pierre balmain,brand,none,2
giorgio armani,brand,none,2
heohwan simulation,brand,none,2
junya watanabe,brand,none,2
leonard,brand,none,1
naum,brand,none,1
limi feu,brand,none,2
rachel zoe,brand,none,2
banana republic,brand,none,2
betsey johnson,brand,none,2
chado ralph rucci,brand,none,3
daks by giles deacon,brand,none,4
ruffo research,brand,none,2
naeem khan,brand,none,2
trias,brand,none,1
jean colonna,brand,none,2
katayone adeli,brand,none,2
ostwald helgason,brand,none,2
tadashi shoji,brand,none,2
lindsey thornburg,brand,none,2
ann demeulemeester,brand,none,2
agnona,brand,none,1
eley kishimoto,brand,none,2
louise goldin,brand,none,2
sophia kokosalaki,brand,none,2
victoria by victoria beckham,brand,none,4
thimister,brand,none,1
halston,brand,none,1
dax gabler,brand,none,2
fausto puglisi,brand,none,2
philosophy,brand,none,1
jasmin shokrian,brand,none,2
alessandra rich,brand,none,2
oscar de la renta,brand,none,4
roksanda ilincic,brand,none,2
davidelfin,brand,none,1
mm6 maison martin margiela x opening ceremony,brand,none,7
sachin + babi,brand,none,3
public school,brand,none,2
gregory parkinson,brand,none,2
