token,count
soup?on,6
Simo?ns,6
B?nstr'm,6
Beyonc_,5
macram_,5
palette?black,4
d_shabill_,4
H_ch,4
Dsquared?'s,4
show?on,3
Dell?Acqua,3
knows??maybe,3
Darr?'s,3
of?what,3
l?oeil,3
and?new,3
_,3
Dsquared_,2
dresses?very,2
d'I_na,2
dresses?not,2
leather?had,2
elements?often,2
coup_,2
mind?would,2
looks?silk,2
d?tente,2
M_bius,2
quincea?era,2
and?dare,2
soupon,2
gray?came,2
protégé?s,2
in?what,2
now?not,2
around?had,2
label?if,2
Grs,2
Florian?polis,2
that?nor,2
d'I?na,2
clear?whether,2
piece?whether,2
papier-m?ch,2
tailoring?jackets,2
Bu?uel's,2
clothes?not,2
ch?teau,2
Sch?nberger,2
Ert_,2
fabrics?silk,2
he_s,2
Franoise,2
colors?emerald,2
late-?60s,2
Caf_,2
dress?didn't,2
d?fil,2
set?complete,2
season?his,2
pr_cis,2
Paris?Dakar,2
materials?satin,2
soir_e,2
collection?from,2
dress?gave,2
is?n,2
collection?just,2
early-?60s,2
repertoire?not,2
T?rzs,2
palette?white,2
step?not,2
casual?take,2
matelass_,2
na´vet_,2
_l_gants,2
Kitsun_'s,2
inspirations?specifically,2
Priv_,2
d_colletage,2
d_collet_,2
Th_Štre,2
pieces?jumpsuits,2
deshabill_,2
girl?ãbut,2
simple?black,2
pieces?not,2
Pen?lope,2
mise-en-scne,2
s?r,2
Kitsun_,2
R_publicaineãto,2
Courrges,2
palette?shades,2
Lang_s,2
to?what,2
fan?whether,1
too?longer,1
knits?Dalmau,1
"women?""Berkeley",1
"look""?got",1
Kanes?clothes,1
next?though,1
wear?trapeze-shape,1
proper?choosing,1
Obama?happy,1
away?had,1
story?beaded,1
roots?where,1
Bu?uel,1
coats?whether,1
signature?brainy,1
coat?if,1
jacket?shades,1
Kennedy?celebrated,1
Clean?But,1
Dalmau?still,1
daughters?very,1
knitwear?ribbed,1
trousers?slightly,1
Smoking?way,1
place?once,1
exposed?where,1
sleeves?paired,1
trails?part,1
natives?Tibetans,1
Himalayans?Cota,1
coats?right,1
bouclé?over,1
coat?hand-appliqu'd,1
usual?more,1
tones?emerald,1
Dun-dun-dun-dah?Isaac,1
catwalk?namely,1
fluff?not,1
neo-tribalism?pick,1
wallpaper?over,1
otherwise?should,1
look?let's,1
unmatchy-matchy?has,1
doppelg?ngers,1
silk?had,1
women?celebs,1
skirt?especially,1
tassar?more,1
there?should,1
ended?enough,1
look?how,1
show?never,1
tops?several,1
May?got,1
tops?part,1
things?Donna,1
catwalk?turbaned,1
recycling?had,1
leather?Bui,1
"flower?bud,stem",1
body-consciousness?racerbacks,1
great?provided,1
overlaps?midriff-baring,1
"conviction?""What",1
"you""?will",1
Balenciaga?just,1
French?nonchalance,1
layers?jacket,1
summer?thus,1
velocity?NASCAR,1
mink!?so,1
impeccable?soundtrack,1
hemline?where,1
here?great,1
thread?had,1
lithographs?only,1
them?jeans,1
that?double,1
caftans?meant,1
am?ricains,1
Aeffe?perhaps,1
low-cut?so,1
blues?seemed,1
sleeves?sloped,1
fabrics?from,1
colors?lilac,1
reality?not,1
own?bags,1
th??tre,1
though?protesting,1
customers?unattainable,1
sunglasses?round-frame,1
silhouettes?either,1
trousers?lovely,1
glamour?sequins,1
tribal?fierce,1
refinement?see,1
clothes?jackets,1
blue?followed,1
feeling?star-shaped,1
dress?worn,1
Kokin?looked,1
looks?tweedy,1
cloth?lent,1
jersey?Bell,1
stoles?only,1
August?not,1
balance?between,1
silhouette?cropping,1
Charlier?charged,1
beautiful?particularly,1
row?Michael,1
starters?will,1
Gymnop?dies,1
made?where,1
looks?20,1
hand?not,1
crosses?probably,1
nineties?so,1
nineties?furry,1
wool?cashmere,1
superwomen?not,1
suit?such,1
Vel?zquez,1
gone?chalk,1
fashion?Alexander,1
show?though,1
Dior?both,1
founded?has,1
essential?laced,1
poppier?kind,1
Tr?lzsch,1
followed?oversize,1
sobriety?high-collared,1
L?on,1
moments?when,1
sixties?shaped,1
those?Mick,1
Fall?cue,1
silhouette?knee-length,1
inspiration?China,1
runway?satin,1
lapels?shades,1
furs?everything,1
colonists?broke,1
Zab?te,1
plastic?not,1
Wilson?emphasized,1
pattern?bold,1
Fall?David,1
roots?i.e,1
brown?when,1
layer?bonded,1
at?let,1
detritus?ostrich,1
good?simple,1
eyebrows?what,1
details?obi,1
blue?Louie,1
sleep?Matthew,1
colors?turquoise,1
marigold?made,1
"fun""?short",1
hues?currant,1
day?mini,1
Fall?finished,1
prairie?succeeded,1
pumps?meow,1
girls?each,1
echo?fringed,1
start?will,1
three?not,1
fabric?ended,1
classics?cameo-print,1
pants?cute,1
Accessories?captain's,1
pink?tweaked,1
touches?gold,1
theme?short,1
show?plus,1
interest?witness,1
soundtrack?made,1
season?specifically,1
"else??""How",1
tags?ranging,1
choker?need,1
600?will,1
zone?from,1
forms?had,1
end?cut,1
edge?particularly,1
darkly?fetishistic,1
there?maybe,1
hats?peaked,1
ruched?either,1
Watanabe?Abe's,1
season?fox,1
trim?shared,1
dresses?his,1
costumey?see,1
dévoré?'d,1
skyline?present,1
thirties?Topshop,1
archives?from,1
waist?struck,1
hits?full,1
"belt?""like",1
modern?ladylike,1
caught?very,1
embroidery?lacquered,1
"theme?""The",1
"court""?had",1
week?made,1
frowsy?take,1
organza?worn,1
palette?just,1
sixties?I,1
it?liberally,1
Stefani-blonde?had,1
d?shabill,1
number?will,1
clothes?strapless,1
green?cozy,1
until?voil,1
earrings?extended,1
call?probably,1
coat?both,1
viewpoint?part,1
persuasion?chiffon,1
season?luxe-looking,1
materials?his,1
Lowe_Holder,1
brocade?perfectfor,1
strong?Stephen,1
roses?purposefully,1
fresh?just,1
clean?might,1
here?Wikipedia,1
point?making,1
staples?thus,1
microfiber?reminiscent,1
book?on,1
photographed?our,1
shifts?if,1
comfortable-looking?collars,1
pinks?suggested,1
Carr?e,1
crystals?over,1
Vuitton?Marc,1
amateur?rugged,1
D?coratifstonight,1
Holland?possibly,1
it??emphasized,1
story?varsity,1
"with?""someone",1
gold?based,1
graphics?jumbled,1
embroideries?handcrafted,1
Mexico?popped,1
"decade?""the",1
provide?his,1
F?line,1
gowns?complete,1
day?Pham,1
"blue?""my",1
palette?blacks,1
heads?based,1
prints?TV,1
reference?plate,1
girl?say,1
course)?brings,1
silhouettes?nipped,1
hems?seem,1
Qs?had,1
dresses?plus,1
furs?will,1
bomber?reflective,1
chinchilla?came,1
mini?required,1
chic?box-pleated,1
standouts?though,1
darkness?literally,1
cheesiness?especially,1
colorstory?pales,1
color?tan,1
zones?bodice,1
leather?captured,1
flats?backless,1
collection?mismatched,1
construction?slim,1
touches?construction,1
ten?yes,1
ten?hours,1
moment?merging,1
conventional?Audrey,1
before?remember,1
print?vibrant,1
slices?if,1
worlds?see,1
good?from,1
himself?unusually,1
Kert?sz,1
R?geberg,1
"cute""?Lim",1
suit?jacket,1
choir?made,1
anymore?not,1
palette?blues,1
promised?except,1
superlatives?certainly,1
civilization?i.e,1
frockmeister?knows,1
"black?""It",1
long?thanks,1
boots?from,1
hues?ran,1
been?nearly,1
diamonds?OK,1
move?especially,1
leather?both,1
collar?not,1
challenge?costume,1
line?tailored,1
confidence?Mounayer,1
Hilfiger?stylist,1
genres?just,1
d?lav,1
Times?needless,1
say?have,1
patterns?camo,1
play?structure,1
fur?threatened,1
evening?though,1
"wherewithal?""education",1
offerings?denim,1
knits?sequined,1
slopes?on,1
theme?thick,1
waists?never,1
"know""?Rome",1
divorc?e,1
sides?no,1
inspiration?think,1
it?by,1
sex?more,1
ofshoes?when,1
as?maybeharderthan,1
signature?how,1
Dior?so,1
starters?kept,1
degree?of,1
"outside?""kind",1
improper?so,1
fedoras?echoing,1
masters?concept,1
girlier?more,1
earlier?translated,1
motif?Russian,1
vest?black,1
formality?if,1
colors?dusty,1
names?came,1
estate?meant,1
underpinnings?could,1
tendency?winning,1
bouffants?done,1
slipdresses?both,1
"clients?""I'm",1
hats?so,1
that?fans,1
macram?-ish,1
fearless?good,1
well?namely,1
committee?though,1
ensemble?should,1
together?women,1
paper?stayed,1
neat?quite,1
Carr?ewas,1
was?everythingcandy-colored,1
eerie?depressing,1
elegance?Lela,1
joked?so,1
tribes?two,1
show?economy,1
myself?don't,1
ends?lam's,1
retail-friendly?platforms,1
solids?pink,1
houses?Marques'Almeida,1
Horst?showed,1
restrained?such,1
shifts?Zanini,1
chic?on,1
ma?tre,1
"neutral?""the",1
hair-?how,1
belts?posterior,1
"season?""psychedelics",1
fabrics?pin-dotted,1
chiffon?not,1
spectacle?perhaps,1
picture?not,1
Celine?see,1
"side?""only",1
"postcard?""Greetings",1
Banner?may,1
clothes?roughing,1
plissé?best,1
shapes?corals,1
perversity?certainly,1
shell?had,1
crisper?still,1
starbursts?gave,1
wage?circa,1
skirt)?seemed,1
times?bike,1
sportswear?mainly,1
season?Aubrey,1
artists?last,1
"coats?""what",1
blazers?though,1
souffl?-airy,1
slouch?emphasis,1
colorscheme?patrician,1
sportswear?jeans,1
these?just,1
materials?such,1
But?more,1
besties?girl-about-town,1
sisters?shorter,1
will?directed,1
paparazzi?modern,1
here?his,1
talent?Cathy,1
through?Uma,1
women?though,1
too?case,1
vibe?lots,1
them?try,1
themselves?romantic,1
everyone?models,1
pieces?jacket,1
lineup?straightforwardly,1
knots?made,1
brand?Camilla,1
appealing?neat,1
tailoring?slightly,1
materials?hand-painting,1
legs?only,1
it?straddling,1
less?seemed,1
energy?not,1
slashes?significantly,1
care?stands,1
studding?Braganza,1
"sex?""stately",1
time?sensational,1
setdresses?layers,1
tailoring?essentially,1
girl?perhaps,1
night?ideal,1
designers?only,1
background?how,1
felt?deliberately,1
C?cile,1
patterns?houndstooth,1
"longer?""it's",1
thing?evidenced,1
back?sort,1
standouts?idiosyncratic,1
suit?might,1
proportion?more,1
boyfriend?caught,1
F?ret's,1
sensibility?check,1
seersucker?keeps,1
sleeves?will,1
and?presumably?future,1
collector?not,1
exactly?witness,1
Templer?listed,1
exploded?scales,1
ni?ois,1
prints?two,1
notes?have,1
satin?whether,1
film?Leonardo,1
Farrow?Lauren,1
no-brainers?chic,1
in?his,1
house?bright,1
too?witness,1
ideas?Jane,1
pieces?much,1
streamlined?be,1
collection?many,1
sophisticated?had,1
welcome?sense,1
show?maybe,1
mood?not,1
palette?brown,1
show?not,1
row?what,1
blizzard?get,1
staples?leather,1
celebrities?ranging,1
stores?i.e,1
pants?would,1
direction?off,1
tailoring?curved,1
girls?pretty,1
Prada?down,1
socks?had,1
Bianchini-F?rier,1
dress?though,1
tones?reds,1
Factory?providing,1
end?because,1
finery?wraps,1
portrait?by,1
issue?crucially,1
dresses?hacked,1
reveler?seemed,1
two?maybe,1
again?Maticevski,1
does?cute,1
Paris?might,1
stuff?loves,1
era?when,1
hood?Neville,1
chic?three,1
boots?either,1
trench?strong,1
proportion?oversize,1
colors-?creamy,1
clothes?checked,1
furs?treated,1
stars?Angelina,1
heritage?established,1
house?save,1
sexy?two,1
loosely?very,1
loosely?be,1
honor?Most,1
Shoe?usually,1
Square?will,1
dulled?made,1
and?yee-haw,1
notoriously?value,1
Gn's?comfort,1
House?part,1
seaming?not,1
hardware?didn't,1
but?playful,1
patent?worn,1
wool?marched,1
softness?part,1
idea?Helmut,1
minidress?sewn,1
velvet?two,1
strong?especially,1
variety?semi-draped,1
trend)?only,1
apocalypse?Ryan,1
diamant?-dappled,1
seen?though,1
trousers?shown,1
leather?skinny,1
jackets?paired,1
Gal?pagos,1
voyage?had,1
model?palpably,1
dress?more,1
cut?not,1
spirit?more,1
shapes?jackets,1
volumes?would,1
Gl?ria,1
d?collet's,1
coat?white,1
Rubik?part,1
blazer?little,1
pieces?his,1
of?provocation,1
edge?rather,1
previously?can't,1
newcomer?though,1
notes?come,1
neckline?made,1
organza?would,1
inspiration?demonstrating,1
Street?Herz,1
effect?from,1
end?had,1
own?equestrian,1
love?not,1
pants?both,1
beauties?Erin,1
shape?relatively,1
aide-m?moire,1
here?on,1
prank?get,1
leggings?gave,1
lining?call,1
colors?pale,1
spirit?dark,1
cuts?from,1
skirt?worn,1
caps?his,1
suit?-a,1
knitwear?Wu,1
generational?if,1
uptown-downtown?divide,1
illusion?tailored,1
life?so,1
has?his,1
gremlin?made,1
father?while,1
Nattier?what,1
Kishimoto?had,1
Lanvin?played,1
season?not,1
from?on,1
way?reassuring,1
affair?couldn't,1
level?drapey,1
Leather?of,1
dresses?cool,1
orange?had,1
shapes?on,1
standouts?will,1
nineties?has,1
edge?dresses,1
Wilson?grainy,1
really?going,1
Bell?girls,1
Diamond?sporting,1
bra?should,1
Kloss?walked,1
shoulder?had,1
himself?though,1
course?featured,1
inspiration?Asbury,1
khaki?not,1
aggressive?dare,1
tones?lavender,1
knitted?using,1
Goldin?down,1
again?unless,1
gaga?cheeky,1
easy?perhaps,1
shorts?despite,1
company?Karl,1
materials?particularly,1
dress?high-necked,1
purity?had,1
sophistication?superchic,1
"one?""C'est",1
"Yamamoto?""?seemed",1
details?collars,1
hair?quintessential,1
fris?e-edge,1
Lauren)?wrong,1
it?just,1
extreme?so,1
tendencies?beige,1
Macy's?Neville,1
concept?via,1
parade?if,1
front?ideal,1
lips?gave,1
skimpies?French,1
transparencies?such,1
gown?if,1
unexpected?coming,1
fringe?over,1
variouscompositions?perhaps,1
m?me,1
but?dare,1
it??just,1
can't?etc,1
from?when,1
slot?8:45,1
shorts?looked,1
clothes?mid-priced,1
bikinis?came,1
cummerbunds?no,1
gowns?colorful,1
that?did,1
Fall?pure,1
fun?sold,1
freedom?let,1
breasts?Christopher,1
out?elegant,1
prints?seen,1
Rhodes?Marc,1
bunch?say,1
Ju?rez's,1
problem?when,1
"effort?""a",1
shapes?Moralioglu's,1
gowns?stayed,1
course-?Hitchcock,1
suits?elongated,1
trousers?provided,1
bags?not,1
number?both,1
layering?stirrup,1
scarves?while,1
extremities?fleece,1
fake?Lagerfeld,1
sake?furry,1
bride?Freja,1
again?dangled,1
gals?part,1
ostrich?seemed,1
editors?because,1
season?regimented,1
dresses?paid,1
amazing?spanning,1
chains?definitely,1
inspiration?clearly,1
fours?so,1
heels?cut,1
Man?clearly,1
photographs?blame,1
side?Sarafpour's,1
Ju?rez,1
atmosphere?his,1
figures?namely,1
"memory""?scrunch",1
fedora?underlined,1
card?white,1
sash?had,1
old-school?bodyguards,1
hood?not,1
affair?though,1
France?elevated,1
buttons?giving,1
remotely?crashed,1
colors?first,1
interiors?checkered,1
panties?seemingly,1
wedges?hybrid,1
And?since,1
fur?black,1
ride?Jenni's,1
silhouettes?carried,1
Spring?unified,1
work?pompom,1
gloves?than,1
quaint?not,1
pieces?perhaps,1
gown?on,1
influences?Biba,1
girlfriends?on,1
G-word?unsurprisingly,1
monochrome?beige,1
fuchsia?except,1
shapes?usually,1
name-checked?women,1
gown?when,1
highlights?ombré,1
Wait?scratch,1
jackets?leading,1
florals?fading,1
pants?didn't,1
package?classic,1
interruption?had,1
Moore?will,1
jackets?both,1
sensibility?precise,1
show?none,1
Kuniyoshi?sparked,1
nostalgic?spurred,1
punch?traces,1
dresses?literally,1
blouse?really,1
seasons?claims,1
trends?Bui,1
gone?featured,1
carapace?Lynn's,1
Leane?strapped,1
collections?couture,1
line?mixing,1
green?might,1
pants?tight,1
magnified?prints,1
Goddess?not,1
Paris?draping,1
bikers?what,1
eye?surely,1
Lanvin?could,1
coats?unadorned,1
racerback?not,1
point?Chinese,1
home?Lauren,1
Yucat?n,1
tribes?Old,1
materials?viscose,1
finalists?Corrie,1
Kang?showed,1
smiling?from,1
exception?boys,1
wasn't?not,1
Kansai?picked,1
understated?especially,1
Bowie?presumably,1
dress?sat,1
building?naturally,1
was?literally?thumbprints,1
tans?punctuated,1
coral?gave,1
loose?Khan,1
chord?elegant,1
Vietnam?everywhere,1
circle?on,1
right?maybe,1
only?trip,1
following?Agyness,1
it?iPad,1
Guant?namo,1
silk?part,1
section?could,1
do?so,1
capital?back,1
focus?no,1
dresses?short,1
well?Mediterranean,1
with?count,1
em?four,1
instance?so,1
stars?no,1
boning?think,1
body?had,1
bases?trenchcoat,1
in?where,1
else??Hollywood,1
functional?maybe,1
commercial?edge,1
print?referencing,1
browns?see,1
customer?though,1
spin?cloche,1
things?Lily,1
others?couldn't,1
"premises?""that",1
Ackermann-style?if,1
acknowledgment?spy,1
Saturday?gave,1
clothes?maybe,1
nave)?let,1
Balenciaga?before,1
white?corset,1
world?Formichetti,1
sleeves?leather,1
energetic?brimming,1
hippies?our,1
itself?turns,1
pied-?-terre,1
before?will,1
stylist?preferably,1
prints?feathers,1
tailoring?cue,1
sixties?lots,1
epaulet?cut,1
answer?box,1
ease?comfort,1
detail?exposed,1
wedges?Louboutins,1
codes?not,1
pleasure?have,1
same?not,1
bells?not,1
last?equally,1
special?men's,1
details?hand-stitched,1
buttons?his,1
trends?below-the-knee,1
looks?while,1
blouse?say,1
shoes?no,1
surreal?pajamas,1
presentation?Schwab's,1
house?tapped,1
frescoes?had,1
leather?no,1
theme?coral,1
soundtrack?first,1
"Way""?would",1
Cl?mence,1
Po?sy,1
polish?throwing,1
bras?looked,1
schedule?de,1
wear?sexy,1
tulle?red,1
floor?echoing,1
hues?fuchsia,1
orange?hold,1
silhouettes?strapless,1
too?so,1
trends?peasant,1
collection?how,1
freedom?freedom,1
waves?long,1
movies?especially,1
look?brass-buttoned,1
hand-knits?coincidentally,1
simplification?up,1
soundtrack?Nathan,1
remixers?seemed,1
"references?""the",1
"faves""?plus",1
uses?double-face,1
linens?followed,1
Barrag?n's,1
nonchalance?what,1
parade?gave,1
irked?by,1
archives?not,1
B?rard,1
trousers?seemed,1
intricately?cue,1
lineup?ever,1
shift?gave,1
best?of,1
here?Rykiel,1
monkeys?provided,1
house?not,1
entourage?three,1
pantsuit?cropped,1
trousers?came,1
runway?plenty,1
same?right,1
not?now,1
chartreuse?basically,1
elegant?particularly,1
Andr?e,1
topknots?worked,1
is?big,1
line?thus,1
fray?especially,1
role?equal,1
archives?could,1
r?gime,1
pompoms?India,1
sheers?by,1
Monroe?Joe,1
and?playing,1
athletics?gym,1
low?chambray,1
"economy?""I",1
but?peppered,1
gratifying?especially,1
off?remember,1
peppers?suggested,1
pumps?either,1
feather-trimmed?sitting,1
print?definitely,1
work?quite,1
pieces?fresh-looking,1
corsets?new,1
building?slowly?upon,1
"noticed?""Don't",1
designs?riffs,1
foulards?had,1
group?blue-black,1
flowers?symbols,1
print?discovered,1
minidress?kept,1
clothes?loose,1
out?khaki,1
hand-sewn?not,1
defined?no,1
rain?couldn't,1
precision?less,1
geometric?though,1
way?everybody,1
skirt?oh,1
Marie-Am?lie,1
rock-?-porter,1
repertoire?i.e,1
ten?of,1
shiny?from,1
Willow?perhaps,1
pregnancy?has,1
kittens?if,1
cutouts?Jessica,1
customers'?red-carpet,1
things?sort,1
shows?Max,1
Azria?earlier,1
trousers?set,1
there?holla,1
shades?should,1
crochet?nothing,1
sixties?volume,1
season?Benz,1
sensibility?cue,1
Flamingo.?You,1
runway?gold,1
colors?black,1
prints?uncomplicated,1
jackets?cut,1
canvas?hand-painted,1
case?by,1
"May?""She",1
seaming?so,1
straps?have,1
minis?really,1
shirts?immediately,1
120?not,1
accessories?shoes,1
midi?work,1
burlap?will,1
age?happened,1
latter?unless,1
all?e,1
fashion?from,1
between?having,1
line?take,1
sea?imagining,1
dress?joined,1
but?further,1
menswear?maybe,1
"assets?""control",1
piece?jacket,1
tights?couldn't,1
Beltr?n,1
patch?pieces,1
displayed?maybe,1
touches?oversize,1
from?especially,1
about?except,1
ideas?mohair,1
socks?on,1
color?partially,1
print?fancy,1
necklaces?made,1
Pistols?partially,1
boutique?by,1
is?Westwood,1
plan?employing,1
architecture?especially,1
Peign?'s,1
vintage?Spring,1
colors?sunset,1
brocades?might,1
processes?stonewashed,1
class?eschewing,1
viable?collection,1
fabrics?could,1
though?cobalt,1
"Italy?""the",1
blue?showed,1
gesture?only,1
altogether?if,1
nature?moved,1
palette?golds,1
third?Each,1
problems?square,1
scheme?black,1
wool?provided,1
picture?probably,1
materials?things,1
dot?embroidered,1
motif?part,1
Lab?que,1
iconic?predictable,1
even?Fall,1
reds?whether,1
boots?The,1
off?glorified,1
prints?day,1
instance?could,1
customer?better,1
capes?short,1
singletons?yes,1
less?Williams,1
devising?fulfilled,1
colors?particularly,1
print?delivered,1
"codes""?crystal",1
drama?more,1
boots?hit,1
focus?darts,1
uniform?flannel,1
"chaps?""the",1
editors?not,1
monochromatic?black,1
caution?no,1
trend?witness,1
prints?neon,1
vibe?particularly,1
movement?had,1
swishy?dovetails,1
Ford?laser-eyed,1
door?three,1
shit?especially,1
"Instagram?""Not",1
palette?lots,1
nice?such,1
provokes?just,1
ways?on,1
"edges?""almost",1
designer?flexing,1
d_j_,1
color?so,1
Doig?Gn,1
faade,1
pastel?candy,1
tee?paired,1
shorts?benefited,1
menswear?quite,1
close-up?certainly,1
video?could,1
pieces?boy's,1
anything?Albou-Mechaly,1
collection?perhaps,1
embellishments?being,1
collection?on,1
seasons?beacons,1
graphic?just,1
mind?seemed,1
code?sexy,1
layers?racerback,1
enjoying?no,1
designer?did,1
loving?every,1
cool?exactly,1
thing?out,1
deflated?silhouettes,1
collection?not,1
runways?recurred,1
people?not,1
elite?would,1
"somehow""?Pugh",1
unknown?so,1
modern?think,1
"imperfection""?just",1
voil_,1
tone?very,1
romantic?sharply,1
week?flats,1
show?positive,1
interesting?crisp,1
dress?elevated,1
jeans?if,1
dress?gussied,1
emerged?shards,1
followed?beading,1
circles?Kayrouz,1
uniforms?see,1
culture?big,1
embroideries?looked,1
Par_,1
effortlessness?of,1
dresses?tunics,1
lines?click,1
shape?impressive,1
collection?shown,1
lines?only,1
sleeves?still,1
Gar?onne,1
Am?lie,1
evening?white,1
here?simply,1
Ert?'s,1
twenties?both,1
hits?namely,1
gesturing?gingerly,1
textures?Kern,1
season?very,1
notes?beading,1
Crist?bal's,1
Crist?bal,1
Side?Make,1
bo?tes,1
cleric?proud,1
fault?two,1
it?Emilia,1
besmirched?no,1
wonder?now,1
b?te,1
ideas?candy-pop,1
downtown?don't,1
quietest?particularly,1
wait?doesn't,1
timeless?classically,1
clothes?fancy,1
tale?quite,1
stripes?followed,1
passionate?no,1
embrace?particularly,1
pants?owed,1
gown?half,1
tropes?tartan,1
runway?cue,1
"salons?""where",1
solution?beaded,1
black?should,1
tracksuits?take,1
irreverent?certainly,1
ankle?loungewear,1
plausible?if,1
patchworked?denim,1
behind?no,1
you?Zoe,1
sleeves?looked,1
flight?delicate,1
here?sharp,1
does?do,1
easy?buy,1
outside?rather,1
mystery?how,1
thing?from,1
else?blue,1
dressing?numerous,1
materials?iridescent,1
collar?made,1
can?not,1
bow?Yvan,1
London?specifically,1
collection?round,1
same?slim,1
diffusers?every,1
others?black,1
gold?emblems,1
day?belted,1
cape?looked,1
here?leather,1
industry?over,1
prints?motifs,1
Chloé?both,1
Baby?One,1
attitude?Clare,1
Birmingham?came,1
there?on,1
show?each,1
appeared?leather,1
calligrams?imaginary,1
straightforwardness?looks,1
moment?Takahashi,1
or?better,1
yet?embossed,1
jacket?no,1
silhouettes?bustier,1
glamour?think,1
entirelycomprehensible?not,1
trashbag?textured,1
celebrities?Ashlee,1
Woodley?says,1
red?will,1
upholstery?not,1
us?not,1
anthem?just,1
futurism?leather-bonded,1
while?At,1
pretty?summed,1
season?both,1
week?particularly,1
color?not,1
simple?complex,1
Award?past,1
Altuzarra?Cibani,1
archetypes?construction,1
season?clothes,1
telling?hieroglyphic,1
But?pun,1
haven't?if,1
C?r?monie,1
skirt?casual,1
prints?parakeets,1
years?decades??of,1
staples?Carhartt-esque,1
pieces?so,1
other?reminded,1
that?while,1
belts?lacked,1
shoe?furry,1
prints?elevated,1
rhythm?his,1
spot?doing,1
urgency?no,1
sly?no,1
buttons?color,1
clothes?leggings,1
well?Johansson,1
blazer?just,1
light?starlight,1
sunlight?so,1
table?underneath,1
elements?Zulu,1
sororities?Washington,1
dancers?features,1
competition?pounded,1
accordingly?hiked,1
clothes?has,1
brand?finally,1
show?white,1
looks?both,1
girlfriends?particularly,1
seventies?on,1
Faithfull?perhaps,1
Aldridge?lounging,1
throughout?perhaps,1
women?so,1
phrase?translated,1
"Angeles""?succinctly",1
suit?leather,1
booties?came,1
obsession?versus,1
accoutrements?Eugene,1
"Back""?suggested",1
ahem?shoes,1
too?glass,1
era?particularly,1
pullover?done,1
architects?from,1
OMA?different,1
shelving?echoed,1
matter?could,1
today?clothes,1
acrobatic?cutouts,1
like?threw,1
touches?spoke,1
sculptures?quintessential,1
indeed?particularly,1
body?not,1
it?while,1
flat?quite,1
Guti_rrez,1
two?Sama's,1
designers?maybe,1
pants?pleated,1
alone?right,1
shibori?looked,1
reinterpreters?of,1
derived?dyes,1
molecular?level,1
skirt?made,1
thigh?outside,1
suits?no,1
products?i.e,1
pious?right,1
too?especially,1
logo?Georgia,1
bats?Deacon,1
shades?sand,1
mates?extravagant,1
proportion?nuts,1
looks?clothes,1
aprs-hunt,1
gamut?New,1
Well?job,1
choose?last,1
play?witness,1
changed?if,1
innocent?looks,1
elements?earth,1
pass_,1
H_lio,1
intrigued?how,1
backing?could,1
marinire,1
pice,1
r_sistance,1
Pen_lope,1
d_colletage-baringãand,1
_ized,1
Aim_e's,1
this?Ä,1
garonne,1
okay?ãwere,1
thinner?ãthe,1
Ren_,1
Bj_rk's,1
Barbs,1
M_tro,1
th_Štre,1
Beyonc_'s,1
M_rida,1
Saint-Honor_,1
gallery/caf_,1
Franois,1
chin_,1
m_tier,1
out?perfect,1
are?less,1
on?what,1
Schl_sberg,1
palette?whites,1
hues?pale,1
Courrges-inspired,1
silhouettes?will,1
clothes?blowing,1
sedate?silvery,1
climate?maybe,1
course?bringing,1
venue?while,1
place?multi-visions,1
womanhood?echoed,1
rafters?not,1
garb?think,1
elevating?white,1
prints?landscapes,1
eyelet?used,1
sweatpants?looked,1
tops?while,1
models?will,1
Bj_rling,1
d_fil_,1
body?such,1
now?meant,1
overload?designers,1
for?kind,1
of?trying,1
torso?didn't,1
first?cropped,1
details?thick,1
so?everything,1
masters?mistresses,1
out?mash-ups,1
silhouettes?wiggle,1
vents?said,1
good?try,1
backstage?friends,1
place?just,1
wardrobe?shirtdress,1
sweater?stripped,1
overalls?suede,1
jewelry?never,1
fiber?more,1
"Basel""?land",1
soir_es,1
giant?yes?flamingos,1
Boetti?right,1
season?Gucci's,1
season?Valli's,1
duffel?Valli's,1
more?except,1
skirt?gorge,1
mirrors?created,1
French?think,1
collection?satisfyingly,1
relationships?W,1
idea?effortless,1
effort?rang,1
exhausted?creative,1
direction?techno,1
says?cools,1
fringing?very,1
brights?colors,1
looks?sing,1
sweet?way,1
"jewelry?""It's",1
specific?though,1
motif?connecting,1
signatures?clean,1
chiffon?had,1
panache?sexy,1
stuff?more,1
jacket?only,1
Diamant_,1
blouses?yes,1
codes?name-checking,1
moul_,1
me.?When,1
graffiti?not,1
appeal?though,1
bright?lime,1
about?really,1
feathers?real,1
NYC?opened,1
off?once,1
more?Oliver's,1
shiny?brought,1
cardi?maybe,1
back?over,1
brand?designed,1
Yang?has,1
inspiring?minutely,1
catwalk?rare,1
Sui?sported,1
prt-_-couture,1
neutrality?shades,1
season?remember,1
Mars??reappeared,1
Cin_mathque,1
Cit_,1
Cin_ma,1
fabrics?not,1
old?see,1
artists?Sergio,1
depth?just,1
statement?his,1
woman?just,1
vibe?serious,1
collection?lots,1
Finnish!?of,1
Randonn_e,1
Cronenberg?rather,1
unscientific?laws,1
indeed?quite,1
on?personalizing,1
models?his,1
perhaps?down,1
gesture?same,1
opener?picture,1
interlude?did,1
humor?essential,1
flat?cute,1
jersey?no,1
mind?namely,1
Miami?especially,1
straightforward?wryly,1
shorts?especially,1
dresses?Siriano's,1
fish?tuna,1
cults?so,1
standbys?baby-doll,1
Beaux-Arts?qualified,1
Franais,1
duality?two,1
uninspired?especially,1
polo?felt,1
dresses?meringues,1
bodies?erred,1
rarefied?of,1
hip?lavish,1
belt?Nicki,1
panels?set,1
"vintage?""I",1
Op_ra,1
"notes?""an",1
bust?just,1
sexual?sort,1
garden?petals,1
separates?from,1
Then?from,1
"blazer?""I",1
neckline?perfect,1
shirt?short,1
sweatshirt?might,1
late?premised,1
canvas?call,1
attitude?what,1
other?put,1
papier-m_ch_,1
metaphor?let,1
themselves?cross-draped,1
uncelebrated?moment,1
sweater-weight?perfect,1
duchesse?distilled,1
lace?utterly,1
row?Jessica,1
piece?more,1
set?why,1
clothes?elegant,1
range?sort,1
mold?nor,1
make?so,1
Sup?rieure,1
below?Kristin,1
convincing?Parkinson's,1
colors?bubblegum,1
Castaing?chintzes,1
pearls?none,1
show?bedecked,1
looks?could,1
edgier?Sharon,1
"white""?moment",1
work?refining,1
look?see,1
ladies?literally,1
makeup?sauntered,1
Stockbridge?perhaps,1
phase?providing,1
ruffles?tracing,1
flourish?witness,1
season?more,1
totes?Saab,1
designer?cautiously,1
back?especially,1
one?quite,1
rose?made,1
leather?particularly,1
work?realone-on-one,1
side?pull,1
missing?joie,1
dresses?particularly,1
silhouette?represents,1
before?back,1
interesting?new,1
her?so,1
springs?reportedly,1
prints?python,1
floral?equals,1
building?showed,1
mere?very,1
expensive?lining,1
angles?no,1
Balmain?rock,1
jumper?perfect,1
dévoré?-ed,1
protection?on,1
projection?on,1
eccentric?vision,1
here?Kowalska's,1
raffia?provided,1
shop?everything,1
ease?if,1
headgear?quite,1
jeans?Basora,1
date?proves,1
Carnival?none,1
mastery?marks,1
fabrics?brocades,1
glovedhands?until,1
presentations?snow,1
forinspiration?Maria,1
sportswear?workwear,1
sense?black,1
pontiffs?de,1
Packham?designers,1
does?unless,1
that?vintage,1
aside?just,1
clothes?sexy,1
classictrench?from,1
feathers?should,1
Hodges?missed,1
here?lace,1
chains?meant,1
print?gingham,1
looks?city,1
here?see,1
tone?change,1
collection?tribal,1
island-bright?hibiscus,1
them?regal,1
bag?gave,1
verve?notably,1
dark?yes,1
palette?baby,1
here?Andrew,1
spare?practically,1
clinical?showing,1
compulsion?through,1
more?patched,1
veiled?not,1
bouclé?making,1
Ch?teau,1
pieces?yes,1
transparency?see-through,1
fall-like?designers,1
Gall?-esque,1
enhancers?whatever,1
casualwear?though,1
themes?lots,1
house?famous,1
Kayne?had,1
club?executed,1
detail?see,1
too?ditto,1
refresher?colorful,1
pairs?models,1
lengths?mini,1
checks?both,1
you?both,1
"uniforms?""I",1
designer?gave,1
history?what,1
"long?""a",1
"girl""?glossy",1
One?color,1
today?French,1
fever?Courrèges,1
stripes?two,1
on?Abe,1
Pantone?Whaaaaat,1
Th??tre,1
herpr?t-?-porter,1
looks?lace,1
Ball?worthy,1
different?Chadwick's,1
project?only,1
history?while,1
too?particularly,1
Stoke-on-Trent?hardly,1
romance?might,1
countryside?straight,1
usual?on,1
presentation?staged,1
showroom?used,1
nice?cool,1
else??provided,1
pants?definitely,1
collars?just,1
catwalk?hair,1
protuded?shoulder,1
well?witness,1
color?never,1
scandalous?came,1
dégradé?style,1
notion?just,1
theme?Tara,1
student?picture,1
trousers?simply,1
onembellishment?Packham,1
outings?pour,1
boots?Arthur,1
out?made,1
gowns?had,1
earlysixties?from,1
"painterliness?""they're",1
B?r?nice,1
sense?so,1
"hm?""response",1
Saints-P?res,1
too?perhaps,1
Paris?not,1
felt?hole-punched,1
laser?lent,1
patent?had,1
train?lovely,1
seams?not,1
"manifesto?""casual",1
pants?much,1
Want?This,1
fra?che,1
layering?on,1
relevant?more,1
fabrics?especially,1
35?from,1
noon?talk,1
tapestry?populated,1
creatures?seemed,1
Einarsd?ttir's,1
institutions?have,1
thegewgaws?piles,1
exotica?kaffiyeh,1
bed?exactly,1
narrow?gasp?trousers,1
textures?wools,1
gestures?ruched,1
hips?versus,1
clothes?Sir,1
today?no,1
influence?so,1
insisted?on,1
claimed?have,1
here?models,1
pants?set,1
nature?leafless,1
gaucho?knit,1
cuff?over,1
ga?chas,1
ga?cha,1
latesthobby?crocheting?provided,1
fare?things,1
prefer?doesn't,1
dresses?much,1
Luncheon?nearly,1
mix?felt,1
colonial?on,1
length?good,1
sets?except,1
that?Elizabeth,1
back?lose,1
pleating?best,1
East?West,1
explained?rather,1
Bascher?prophetically,1
crew?Parisian,1
Broke?spray-painted,1
director?can,1
leaves?showed,1
bandeaux?strapless,1
aristo-rich?prevented,1
toil?often,1
group?let's,1
picture?45,1
clutches?ripe,1
under?not,1
matriarch?now,1
plush?not,1
pieces?gilets,1
makeup?icy,1
pants?immediately,1
pieces?curly,1
white?made,1
nineties?specifically,1
explanation?Maybe,1
evening?marrying,1
shape?full,1
gowns?basic,1
print?part,1
leathers?Tr,1
textures?led,1
time?deep,1
darker?dirtier,1
out?particularly,1
museums?where,1
employees?both,1
in?than,1
chief?sardined,1
50?yes,1
50?looks,1
seat?made,1
wedding?gave,1
city?see,1
category?of,1
treatment?either,1
suit?double-breasted,1
jellyfish?thus,1
show?classics,1
DNA?fashion,1
here?not,1
extras?chokers,1
etc.?would,1
highlights?tulip-shaped,1
which?fueled,1
investment?marks,1
Fall?specifically,1
sounds?Lagerfeld,1
flowers?how,1
flower?stamens,1
all?provided,1
interest?let,1
print?done,1
y?-y,1
"Japan?""I",1
with?what,1
else??fishnet,1
nineties?of,1
zone?optical,1
subtle?especially,1
girl?moody,1
refinement?especially,1
used?cut,1
look?skinny,1
Art?not,1
here?Lupfer's,1
said?cozy,1
choice?his,1
layers?if,1
mind?certainly,1
were?mutually,1
angle?literally,1
ensembles?eclectic,1
elements?pop,1
prints?from,1
hand?on,1
caftans?breezy,1
more?specifically,1
embroideries?pull,1
wives?Ann,1
Streeters?Oscar,1
week?Marant,1
problem?nothing,1
personal?hazy,1
overtness?Herchcovitch,1
sting?sweetness,1
collection?thank,1
other?got,1
motif?had,1
sportswear?though,1
names?Olga,1
collection?though,1
ever?irreverence,1
furs?extravagant,1
point?so,1
her?whereas,1
choices?chocolate,1
ones?by,1
line?contrasted,1
thing?McQueen,1
award?wants,1
impulses?cocooning,1
budget?time,1
bag?waist,1
Hendry?drew,1
things?reading,1
protest?more,1
styles?little,1
here?such,1
India?specifically,1
details?bustiers,1
does?different,1
Punk?so,1
early-sixties?er,1
"chic""?from",1
model?Sagittarius,1
on?blessed,1
lining?every,1
material?stand,1
shapes?either,1
concerned?tight,1
accessories?fishnets,1
booties?didn't,1
continued?particularly,1
flourishes?popped,1
pants?owe,1
pics?persuaded,1
slack?tailoring,1
check?more,1
varied?both,1
army?Chai,1
lost?Hwan,1
whimsy?remember,1
inaccessible?if,1
real?net,1
gloss?right,1
is?strong,1
niche?clothes,1
cocktail?I,1
detailing?many,1
lineup?just,1
options?because,1
unhinged?enough,1
Outerwear?oversize,1
accompaniment?drenched,1
influences?Istanbul,1
art?brought,1
Cartland?esque,1
themes?military-inspired,1
skirt?plus,1
fundamentals?Oliver,1
format?several,1
jackets?will,1
volume?Marongiu,1
back?could,1
celebration?not,1
swing?has,1
reasons?such,1
ago?talk,1
outfit?printed,1
moonlight?suggested,1
McQueen's?fashion,1
direct?maybe,1
violent?enough,1
any??designers,1
shapes?coats,1
"collection!""?Le",1
longer?if,1
flamenco?witness,1
collection?decorative,1
variations?felt,1
great?designers,1
light?crystal,1
simple?tent,1
dresses?show,1
up?count,1
them?35,1
here?relaxed,1
layering?short,1
pants?may,1
retailers?not,1
belted?stood,1
feeling?both,1
bows?flats,1
act?both,1
knit?will,1
strangeness?maybe,1
wearing?look,1
jackets?keeps,1
waist?had,1
here?unsurprising,1
was?though,1
"Yes""?what",1
"NewYork""?chorus",1
just?so?posh,1
skirt?both,1
to?Haircut,1
subtraction?of,1
and?voil,1
James?seemed,1
technique?learned,1
outstanding?witness,1
today?not,1
non-challenging?pinafore,1
here?Aggugini,1
proportions?oddly,1
sequins?remember,1
stocking??could,1
prints?leopard,1
more?should,1
usual?tried,1
silver?reflected,1
luxe?though,1
them?cleverly,1
strong?relaxed,1
motif?several,1
inspiration?Malevich,1
Monroe?perhaps,1
Williams?mightwear,1
conviction?if,1
hood?unless,1
mutation?think,1
pick?perhaps,1
dresses?simple,1
basics?jeans,1
dark?when,1
rawness?if,1
considerably?not,1
show?so,1
shape?had,1
pieces?chief,1
runway?before,1
fun?visual,1
hem?mixed,1
dresses?further,1
belts?smart,1
dress?pulled,1
blue?worn,1
match?fell,1
is?Manhattan,1
simple?Julia,1
worldwide?both,1
globally?gave,1
graffiti?colorful,1
country?ka-pow,1
one?Naomi,1
Amrapali?known,1
house?replacing,1
silk?rather,1
influence?suggested,1
"with?),but",1
emerged?digitally,1
masculinity?strong,1
skin?such,1
jacket?leather,1
nailing?over,1
Company?clearly,1
subway?stand,1
stuck?Givenchy's,1
collection?where,1
types?Colangelo,1
one?sumptuous,1
with?elaborate,1
aesthetic?rather,1
sleeve?little,1
say??mature,1
was?dare,1
himself?customized,1
depth?had,1
way?Casasola,1
well?Casasola,1
and?because,1
fussy?when,1
base?out,1
numbers?coming,1
drugs?just,1
pantsuits?what,1
duty?followedby,1
details?pearl-encrusted,1
looks?lots,1
silhouette?fitted,1
Eilola?unsurprising,1
M?ret,1
with?especially,1
flat?yet,1
Claire?more,1
attention?no,1
good?discreet,1
hybridization?see,1
things?rock,1
linear?more,1
row?means,1
uniform?though,1
shine?quite,1
following?has,1
monk?not,1
one?milling,1
roots?if,1
lace?simple,1
Blokhina?walking,1
season?rainbows,1
belts?certainly,1
looks?flowing,1
neck?could,1
knack?maddening,1
lines?from,1
gowns?guaranteed,1
scarf?Roberto,1
Milan?Cavalli,1
items?of,1
schoolgirl?strode,1
it?perhaps,1
notes?creating,1
sportswear?beige,1
mix?contributed,1
d?cor,1
prints?either,1
ties?bearing,1
reference?if,1
finale?Hana,1
bodysuits?summed,1
embellishment?when,1
lady?regardless,1
pieces?clearly,1
did?though,1
Golightly?Sarafpour,1
days?mammoth,1
fashion?not,1
all?more,1
day?shirts,1
mainstay?witness,1
silhouettes?calf-length,1
trends?safari,1
Paris?pastoral,1
shoes?might,1
emerald?chimed,1
or?rarest,1
pattern?especially,1
shapes?simple,1
knit?may,1
power-dressing?Saunders,1
paces?literally,1
trends?pencil,1
patterns?not,1
part?save,1
moment?looking,1
ribbon?not,1
mom-and-pop-style?nor,1
up?memorably?on,1
beautifully?especially,1
together?has,1
Philo?recently,1
December?smiled,1
life?whether,1
song?Diane,1
"artist""?had",1
spring?Elsa,1
shocking?from,1
again?certainly,1
gowns?precisely,1
Elson?while,1
tailoring?not,1
guests?now,1
showed?voluminous,1
row?Wang,1
materials?limpid,1
looks?such,1
out?Costa,1
workmanlike?perfect,1
limit?through,1
hand?show,1
say?juxtaposed,1
them?from,1
great?not,1
predators?dressed,1
basics?from,1
strange?will,1
season?exuded,1
grounds?Madison,1
nothing?while,1
egregious?hooded,1
embroideries?very,1
luxe?from,1
spring?baggy,1
off?hooded,1
jackets?Pieters,1
ride?made,1
them?Uma,1
one?despite,1
display?represented,1
breakup?speculation,1
aggressive?knifelike,1
id?e,1
chill?not,1
eveningwear?particularly,1
gazar?came,1
sensible?shift,1
collection?full,1
house?from,1
motif?would,1
proportions?from,1
all?of,1
again?otherwise,1
does?send,1
P?rignon,1
Pucciworld?clearly,1
color?fuschia,1
separates?shorts,1
skirt?before,1
necklace?looked,1
collection?let,1
proceedings?why,1
Na?vely,1
mix?starting,1
seventies?Rifat,1
collection?clothes,1
pieces?petal,1
elements?nip-waisted,1
skirts?thrown,1
attention?particularly,1
by?just,1
ears?despite,1
strengths?fantastic,1
colors?while,1
shorts?will,1
plaid?part,1
shows?same,1
basics?drawstring,1
jackets?designed,1
sixties?Topanga,1
shoes?long,1
pieces?lightweight,1
presentation?Ecco,1
soundtrack?Chrissie,1
dévoré?-velvet,1
even?gasp,1
they_re,1
that_s,1
didn_t,1
you_re,1
gowns?from,1
face?not,1
patterns?flowery,1
flannel?suggested,1
m?l?e,1
effect?gutsy,1
time?reveals,1
forward?from,1
dresses?highly,1
later?Hussein,1
beading?could,1
equation?silky,1
furs?comes,1
denims?by,1
audience?many,1
color?swirling,1
course?just,1
hanger?not,1
pants?nailed,1
eccentric?especially,1
jodhpurs?surely,1
gesture?melding,1
standards?efficiently,1
days?made,1
greens?made,1
colors?mushroom,1
and?Van,1
shape?narrow,1
world??out,1
talent?quietly,1
Children?walked,1
over?more,1
colors?gray,1
black?Rucci,1
elements?rough,1
satin?maybe,1
though?cutting,1
prettiness?swagged,1
d?coll?tes,1
capelets?just,1
low?on,1
inches?yards,1
actually?of,1
set?suggesting,1
elephants?could,1
woodland?stark,1
be?from,1
stable?literally,1
audience?from,1
trend-jockeys?smiling,1
classics?discreet,1
and?sans,1
performance?polished,1
ensembles?tweedy,1
professional?especially,1
obstinately?devoted,1
fall?greens,1
reference?whether,1
chic?foxy,1
But?quelle,1
say?might,1
line?gutsy,1
ago?made,1
top?had,1
skirts?seemed,1
silk?not,1
with?doesn't,1
effect?showing,1
improvisation?by,1
flowers?especially,1
motifs?running,1
connoisseur?say,1
years?not,1
Japan?not,1
mix?tweed,1
ladylike?thanks,1
architect?mapping,1
pleats?either,1
shirts?fancy,1
needs?speed,1
do?coexist,1
frocks?made,1
breeze?Herrera,1
Tse?Chai,1
soft?papery,1
colors?curry,1
lace?popped,1
pieces?malleable,1
boots?meld,1
trend?not,1
practicality?neither,1
it?McCartney,1
elegance?Lurex-knit,1
lapel?not,1
Kors?sideal,1
aplenty?suede,1
brooches?great,1
Snoeren?designers,1
past?subsiding,1
proceedings?layered,1
shirts?reworked,1
followed?bulky,1
Sawyer?very,1
tones?ruby,1
sapphire?mixing,1
sense?chestnut,1
others?especially,1
frocks?presented,1
fashion?testament,1
materials?hand-loomed,1
Capp?gave,1
fall?meaning,1
Champagne?chilled,1
things?three-quarter-sleeve,1
Now?lo,1
behold?fashion,1
M?rier,1
decisions?felt,1
looks?tight,1
master?from,1
Perhaps?prior,1
Laurent?Messrs,1
velvet?clustered,1
basics?blazers,1
flock?both,1
trim?protected,1
reversals?gloomy,1
floor-skimmer?had,1
Brioni?named,1
resort?has,1
affectations?notably,1
Brioni?will,1
bands?cummerbunds,1
herself?Tory,1
flair?pants,1
shirt?very,1
stockings?seen,1
proportions?skinny,1
frocks?moving,1
"buzzwords?""restraint",1
specializes?take,1
world?purple,1
item?whether,1
vision?curvaceously,1
sensible?enough,1
fans?Alec,1
suiting?pass,1
color?wore,1
lineup?why,1
machines?thank,1
made?stitch,1
"waves""?ruffles",1
garments?onto,1
closings?seemed,1
idea?turning,1
colors?dappled,1
velvet?have,1
seasons?found,1
surprise?Lagerfeld,1
but?no,1
vocabulary?came,1
Roy?not,1
brocade?than,1
jacket?came,1
three?Aztec,1
elements?parkas,1
prints?memories,1
smoke?Trish,1
were?stylistically,1
least?slightly,1
not-so-young?on,1
knits?think,1
happy?thanks,1
say?verged,1
so?two,1
fashion?crazed,1
professionalism?has,1
jour?Pastis,1
House?Donna,1
"double-layered?""two-fold",1
notes?blousons,1
zeal?literally,1
yet?lovely,1
silhouette?covered,1
sensibility?looked,1
looks?just-for-show,1
heads?didn't,1
him?flowy,1
results?seamed,1
effects?don't,1
and?curiously,1
many?made,1
tweed?relates,1
colors?magenta,1
signatures?seaweed-like,1
pure?if,1
indulgent?distillation,1
dancers?just,1
contributions?polka-dot,1
jewelry?big,1
music?stirring,1
visor?qualify,1
inches?12,1
mothers?though,1
career?from,1
D?coratifs,1
look?such,1
1972?only,1
summer?psychedelic,1
belts?Sweetface,1
outsiders?i.e,1
population?will,1
fall?his,1
steroids?clung,1
caps?would,1
showed?big,1
coats?lacked,1
jackets?yet,1
Faberg?-inspired,1
persona?what's,1
subjects?such,1
sleeves?demonstrated,1
Wainwright?co-founder,1
collection?dramatically,1
suits?managed,1
waist?came,1
embellishments?save,1
Wellies?looked,1
leggings?both,1
dresses?when,1
sinisterly?prisoners,1
fans?each,1
chair?will,1
fans?his,1
white?radiating,1
navy?Sonia,1
moment?Rykiel,1
clothes?especially,1
singular?not,1
reclusive?designers,1
similar?give,1
clothes?such,1
date?think,1
that?right,1
bat?launched,1
Deneuve?not,1
Newton?enjoyed,1
sexy?possibly,1
life?than,1
rapidly?having,1
all?especially,1
Lacroix?equipped,1
ugly?though,1
offer?especially,1
did?end,1
neckline?each,1
wearable?particularly,1
silhouettes?wraps,1
loud?while,1
swimsuits?surely,1
fantastic?not,1
bankable?denim,1
subtlety?puzzlingly,1
in?looked,1
fr?res,1
white?Pucci's,1
knits?perfect,1
ruffle?coming,1
jeans?channeled,1
setup?models,1
Four?Adi,1
details?handy,1
bag?B,1
pinks?nude,1
bag?now,1
newcomers?though,1
positive?not,1
answer?from,1
volumes?bows,1
downtown?embracing,1
stores?brightly,1
risk?taken,1
surprise?densely,1
genius?gray,1
industry?paralleling,1
winners?two,1
woman?older,1
younger?would,1
treatment?thumbs,1
parts?not,1
prim?until,1
edit?fewer,1
colors?ochre,1
TSE?Richard,1
looks?not,1
outstanding?especially,1
bagged?now,1
color?think,1
orange?soon,1
color?from,1
moment?perhaps,1
Sinha-Stanic?funded,1
fashion?sportiness,1
here?notably,1
stilettos?stacked-heel,1
knee?showed,1
clothes?romantic,1
"it?""without",1
decades?looked,1
beatnik?sort,1
sandals?plain,1
season?put,1
boots?referenced,1
clothes?particularly,1
sequins?very,1
strengths?delicate,1
door?where,1
precision?on,1
here?flared,1
slot?9,1
clothes?hand-finished,1
her?by,1
down?of,1
engineering?bursting,1
problem?Chanel,1
disappointing?tiny,1
presentation?came,1
emotion?painted,1
girl?came,1
entertainment?though,1
couples?grande,1
unembellished?high,1
revisited?barely,1
jewelry?necklaces,1
lips?molded,1
knits?came,1
house?jaded,1
included?feel,1
silhouette?nipped,1
bags?need,1
way?not,1
Simons?if,1
result?no,1
pieces?cigarette,1
suit?illustrated,1
country?especially,1
girly?especially,1
Ferré?Elvis,1
diff?rence,1
Penn?imagery,1
proportion?short,1
color?palest,1
prints?lipsticks,1
month?Marcia,1
show?Elie,1
sell?no,1
seasons?joined,1
silhouettes?A-line,1
has?if,1
sleeves?certainly,1
fris?e,1
pieces?jeans,1
effect?before,1
arrived?will,1
silhouette?came,1
belt?voil,1
mood?little,1
clothes?mainly,1
waist?seemed,1
Mir?-esque,1
sportswear?bermudas,1
night?especially,1
wide-ranging?encompassing,1
sensibility?if,1
else?tennis-racket-print,1
anyone??looked,1
Prada?plus,1
moments?goodbye,1
skin?on,1
whites?big,1
creepers?reworked,1
accessories?turned,1
hem?Panichgul,1
suits?narrow,1
pants?worn,1
reverse?starting,1
runway?what,1
moir?-like,1
soundtrack??You're,1
Gibb?now,1
women's?before,1
resort?think,1
simplicity?his,1
labels?geddit,1
dresses?often,1
sixties?if,1
Mu?equita,1
thing?provided,1
collection?came,1
made?notably,1
dresses?just,1
Indochine?by,1
collections?his,1
around?A-lined,1
arrival?finally?of,1
jungle?just,1
Phuket?where,1
uniform?making,1
fantastic?The,1
well?notably,1
arresting?dresses,1
exception?done,1
sophistication?witness,1
burgeoning?fan,1
Loewe?owned,1
materials?wool,1
accessories?boots,1
belts?came,1
with?of,1
Pepper?era,1
Fall?his,1
knitwear?his,1
blazers?perfect,1
"else??""Dolce",1
out?what,1
with?no,1
subverted?fashion's,1
basics?unless,1
stars?from,1
saleable?clothes,1
world?designer,1
audience?just,1
clothes?cherry-print,1
dress?looked,1
jackets?oversize,1
plain?paired,1
dresses?puzzling,1
leather?played,1
cutouts?just,1
now?simplicity,1
Coraz?n,1
miles?only,1
looks?right,1
sneakers?hit,1
plus?new,1
season?belts,1
faire?ultra-casual,1
hooks?furthering,1
lace?two,1
outfits?suits,1
veteran?certainly,1
basics?prim,1
trousers?look,1
Versus?just,1
lasting?elegance,1
fame?Macdonald,1
caf?-au-lait-toned,1
side?literally,1
aper?u,1
tones?vivid,1
viable?collections,1
Jones?meets?Judy,1
lys?es,1
elegiac?though,1
morbid?show,1
houses?OK,1
tops?perfect,1
accessories?rope,1
pants?low-slung,1
bell-bottomed?while,1
statement?soft,1
audience?not,1
influences?eyelet,1
jumpsuit?zippered,1
garments?say,1
update?fresh,1
references?best,1
hemline?simple,1
original?clothes,1
markets?fruits,1
spices?onto,1
sleeves?just,1
styling?masks,1
jeans?seemed,1
sportswear?especially,1
pre?WW,1
harmless?Dal,1
them?cropping,1
retail?Lopez,1
another?bad,1
by?maybe,1
necklines?far,1
alternative?perhaps,1
meanwhile?chiffon,1
underwear?showed,1
throughout?pants,1
chignons?let,1
course?especially,1
earrings?dangling,1
Chloé?s,1
to?Parisian,1
lipstick?suddenly,1
following?making,1
touches?seen,1
peasant?style,1
week?ethnic,1
hemlines?seems,1
dresses?Strehle,1
important?fashion,1
clothes?circulated,1
pants?not,1
world?Peruvian,1
elves?part,1
veteran?showing,1
people?men,1
runway?could,1
jacket?whether,1
style?on,1
bras?not,1
were?how,1
shocking!?two,1
savage?think,1
l'oeil?denim,1
"offerings?""a",1
seams?many,1
visible?elegance,1
play?mixing,1
them?I,1
dresses?solid,1
worry?houndstooth-print,1
scheme?centered,1
favorites?loose,1
"lightbulbs?4,300",1
all?Dries,1
Concorde?of,1
moment?beret,1
back?endless,1
purse?just,1
eyes?hink,1
organic?underwent,1
themes?dresses,1
presentation?complete,1
set?very,1
hose?defined,1
dresses?pale-rose,1
classics?super-sharp,1
everything?from,1
themes?country-western,1
outfits?picture,1
white?double-face,1
parade?complete,1
knows?Mom,1
runway?showing,1
taffeta?perfect,1
wear?feather,1
obvious?so,1
collection?proving,1
ideology?calls,1
motifs?floral,1
ornamentation?just,1
fashion?beading,1
embroidery?stripped,1
bags?big,1
inspirations?molded,1
back?proved,1
courtesans?where,1
Fusion?between,1
pieces?pretty,1
extravaganza?decorated,1
prints?floral,1
worked?thanks,1
suits?Mafioso,1
young?bourgeoisie,1
trip?through,1
top?purple,1
styles?presented,1
fabrics?fluorescent,1
proven?;al,1
54?glamour,1
looks?pale,1
smiled?on,1
blue?Krizia's,1
matching?Karan,1
options?Karan's,1
atelier?Josephus,1
looks?on,1
women?reflected,1
wore?Ferretti,1
leaf?make,1
two?from,1
everywhere?from,1
followed?not,1
interest?thanks,1
parlor?complete,1
season?Indochine,1
oversized?creating,1
Versus?from,1
white?creating,1
most?from,1
beginning?not,1
shirts?perfect,1
part?editors,1
skirt?pleated,1
controlled?Lauren,1
today?feminine,1
Steele?so,1
hard?so,1
names?have,1
"confidently?""whether",1
tunics?exuded,1
puff?not,1
pouf?dresses,1
G?ricault,1
draping?swathing,1
last?simple,1
collection?called,1
Disney?from,1
name?especially,1
show?distressed,1
F?raud,1
rewarding?dimension,1
questionable?look,1
Oops!?I,1
suit?Armani's,1
introduced?several,1
leitmotif?played,1
store?looks,1
shirt?make,1
looks?serving,1
neglig?es,1
jeans?ideal,1
classics?sleek,1
season?black,1
jeans?no,1
course?given,1
general?long,1
construction?massive,1
volumes?sweeping,1
insets?perfect,1
wearable?pantsuits,1
motifs?newspaper-print,1
cars?only,1
Sander?belted,1
hardship?Karl,1
powerful?leather,1
frothy?pale,1
statement?gathered,1
Winston?recalled,1
trends?don't,1
pink?presumably,1
"season?""erotic",1
Missoni?sensuous,1
Ghesqui?;re's,1
looks?distressed,1
layering?tank,1
pants?plus,1
collections?designs,1
places?on,1
look?skintight,1
pant?did,1
set?furnished,1
look-alikes?on,1
mixes?teal,1
silver?looked,1
twist?quite,1
literally?came,1
color?brick,1
have?especially,1
twenty-first?century,1
trompe-l?oeil,1
look?though,1
Owens?has,1
signature?seamless,1
dream?exactly,1
raunch?zippered,1
young?by,1
night?red,1
dressmaker?style,1
star?worthy,1
fortune?by,1
brief?only,1
counter?powdery,1
tailoring?gave,1
straps?just,1
Random?borderline,1
exit?perfectly,1
else??transparent,1
look?Naomi,1
coral?given,1
signatures?elaborately,1
hopefuls?dressed,1
entered?dancing,1
combinations?peach,1
blue?gave,1
exclusively?what,1
accessories?pointy,1
boots?completed,1
Morris?by?way?of?Liberty,1
effect?carbon,1
suits?jackets,1
hot?thanks,1
collars?think,1
materials?corduroy,1
vibe?via,1
Napol?on,1
coats?rendered,1
that?just,1
change?made,1
hues?fugitive,1
trends?leggings,1
fresh?cut,1
Hills?based,1
combinations?huge,1
Ravenstein?both,1
knits?cavorted,1
them?especially,1
branch?patterned,1
End?based,1
suit?if,1
description?came,1
show?staged,1
boots?has,1
Nicks?type,1
look?specifically,1
variety?enlivened,1
door?complete,1
number?worn,1
fifties?style,1
prints?polka,1
Absolutely?if,1
joyfully?recalls,1
else??metallic,1
poof!?sugar,1
aplenty?particularly,1
muted?shades,1
herself?Cavalli's,1
season?did,1
feathers?often,1
forte?how,1
pompons?ended,1
pieces?softly,1
back?referred,1
Italy?modern,1
numbers?made,1
living?working,1
nouveau?derived,1
silhouette?make,1
collection?establishing,1
layers?has,1
leathers?so,1
new?specifically,1
sport?especially,1
show?visuals,1
camisoles?loose,1
asymmetries?while,1
colors?lemon,1
undergarments?cropped,1
grand?perfect,1
shorts?beneath,1
Y-3?Yohji,1
book?style,1
trip?preferably,1
Rabanne?style,1
through?literally,1
classics?deflating,1
snakes?serpentine,1
GGs?more,1
runway?from,1
sun?so,1
signatures?masculine/feminine,1
bows?ranged,1
textures?chiffon,1
bags?outsized,1
hues?citrus,1
eveningwear?embroidered,1
thread?will,1
factor?Klein,1
themes?frilly,1
styling?through,1
bags?made,1
Tennant?two,1
and?what,1
print?perfect,1
fifties?Ferretti,1
prints?giant,1
piece?every,1
even?showed,1
dress?rethought,1
suits?perfect,1
hemlines?dresses,1
trousers?played,1
wear?dusty,1
Runners?made,1
themes?clear,1
famous?especially,1
color?pretty,1
art?specifically,1
there?wherever,1
fabrics?supple,1
elegance?other,1
and?every,1
nightmare?pants,1
lightweight?parachute,1
layer?putting,1
considerate?piece,1
felt?drop-dead,1
and?rarest,1
all?truly,1
prints?often,1
consumer?never,1
it?could,1
girl?Marc,1
DVF?now,1
row?Diane,1
Jagger?should,1
trade?pretty,1
colors?grey,1
check?cut,1
stars?rock,1
Harlow?worthy,1
Coast?style,1
basics?pencil,1
surprising?especially,1
approach?not,1
legs?long,1
color?blocked,1
clunky?clothes,1
shorts?great,1
dresses?ruched,1
form?shown,1
Ferré?s,1
own?vintage,1
colors?big,1
collections?seemingly,1
were?once,1
again?sacrificed,1
black?vivid,1
always?vibrant,1
pieces?particularly,1
jacket?would,1
soundtrack?Nelly,1
You're?dare,1
it?going,1
almost?brave,1
obsessions?utility,1
high?Roman,1
things?shrunken,1
couture-like?filtered,1
defining?cut,1
week?outrageously,1
lace?underscored,1
knits?not,1
row?Kyra,1
individual?track,1
prints?has,1
flavor?Chinese,1
want)?slim,1
jacket?high,1
aesthetic?soft,1
references?unless,1
can?by,1
Carmen?perfect,1
late-?50s,1
to?so,1
presentation?where,1
heading?just,1
clothes?yes,1
career?started,1
sharp?just,1
often?cranberry,1
pageboy?black,1
Kilts?never,1
times?came,1
style?clothes,1
formulas?cropped,1
singing?literally,1
far?mouth-watering,1
armor?slim,1
lights?proving,1
silhouette?if,1
unconventionality?by,1
mid-?60s,1
important?possessed,1
L?Or,1
mod?meets??80s,1
runways?when,1
jackets?either,1
possible?chic,1
territory?sunny,1
and?given,1
bolero?cum?down,1
color?leaf,1
colors?mint,1
outfit?velvet,1
York?based,1
inspirations??70s,1
cocoons?warm,1
early-?80s,1
80s-?60s,1
out?literally?through,1
socks?kept,1
handbag?his,1
Arc?my,1
quite?cross,1
skirts?often,1
sun?whether,1
Delaunay?esque,1
finished?literally,1
outfit?shaping,1
Pan?collared,1
blue?flashed,1
lingerie?merry,1
pants?far,1
"boutique""?his",1
talent?knitwear,1
dropped?literally,1
dresses?paneled,1
ribbon?called,1
James?no,1
summer?did,1
collection?motivated,1
shades?black,1
match?tilted,1
jumper?just,1
looks?each,1
last?had,1
soundtrack?Jacobs,1
accessories?ka-ching,1
show?worn,1
rear?gave,1
out?presumably,1
creations?multicolor,1
York?except,1
collection?minimal,1
identity?either,1
styles?not,1
number?shown,1
dresses?while,1
to?childhood,1
before?more,1
way?than,1
slits?notably,1
trouble?Hye,1
and?no,1
palette?hydrangea,1
green?will,1
C?te,1
print?crossed,1
heart?note,1
fact?short,1
tiered?would,1
craves?see,1
winter?letting,1
embroidery?notwithstanding,1
embellishments?gold,1
itself?sans,1
case?fuss,1
prints?mountain,1
guy?now,1
throughout?first,1
numbers?each,1
clapping?may,1
jumpsuits?by,1
jacket?basket-woven,1
stacks?Black,1
about?feel-good,1
Mari?e,1
"pride?""Every",1
collective?Melbostad,1
daywear?frozen,1
section?long,1
Missoni?side,1
but?luckily,1
"Pierces?""Saturday",1
"and?""because",1
"show""?hung",1
event?OK,1
browns?caramel,1
sophistication?speaks,1
shows?will,1
bag?what,1
feel?think,1
fabulousness?gave,1
diamant?-and-stud,1
Blumarine?if,1
appearances?on,1
featuring?believe,1
not?macro-prints,1
middle?everywhere,1
signatures?polka-dot,1
was?looked,1
paintings?shrimp,1
jacquard?lapis,1
copper?not,1
toppers?little,1
coats?paired,1
herself?successfully,1
l'?chafaud,1
coyote?good,1
palette?crimson,1
wearable?while,1
too?replaced,1
"sides?""to",1
jersey?over,1
named?what,1
"else??""Over",1
several?if,1
many?oversize,1
"sportswear""?should",1
cultures?New,1
me?I'm,1
fashion?dresses,1
over?whatever,1
alternating?though,1
precision?piecing,1
ahead?if,1
shenanigans?dour,1
Fall?plays,1
Almov?dar's,1
eighties?ruffled,1
Payless?less,1
razzmatazz?Louis,1
treatment?coming,1
pants?had,1
ingenuity?georgette,1
elements?buckled,1
cashmeres?tees,1
backup?because,1
worthwhile?though,1
course?what,1
light?from,1
orchid?because,1
count?decorated,1
dressmaker?following,1
flowers?relying,1
always?except,1
Cuv?e,1
film?not,1
length?done,1
conscious?not,1
focused?if,1
safe?collection,1
number?pieces,1
rumors?causing,1
1995?have,1
fashion?make,1
everyone?could,1
herself?possibly,1
coat?suggested,1
which?despite,1
Théallet?ever,1
well?fierce,1
fabrics?mainly,1
that?tiny,1
naturally?let,1
which?if,1
something?perhaps,1
atmosphere?has,1
blazer?will,1
jewelry?door,1
fabrics?gray,1
mohair?not,1
Fall?save,1
structure?short,1
back?rather,1
on-trend?cocktail,1
vivre?evident,1
embroidery?had,1
look?worked,1
pieces?shrunken,1
textures?velvet,1
child?cite,1
though?no,1
and?get,1
this?silk,1
own?jeans,1
woman?i.e,1
Oscars?strike,1
things?say,1
smile?not,1
muse?T,1
mathematics?geometry,1
"words?""juxtaposed",1
brand?macabre,1
trend)?rendered,1
numbers?floaty,1
costume?probably,1
it?gentlemen's,1
in?wait,1
seriously?except,1
desire?have,1
to?if,1
London?collectively,1
grown-up?clothes,1
simple?monochrome,1
too?sable,1
cashmere?cropped,1
Bras?lia,1
ribbon?looked,1
week?had,1
art?sort,1
womenswear?26,1
backs?Sitbon,1
evening?where,1
is?Beccaria,1
setting?how,1
pockets?kept,1
system?so,1
that?stepped,1
mostly?on,1
unimaginable?fur,1
this?just,1
fare?boxy,1
himself?shared,1
criticism?either,1
clothes?had,1
Guinness?made,1
looks?from,1
subtext?fitted,1
pastels?didn't,1
here?turquoise,1
lode?Joan,1
over?half-leather,1
past?specifically,1
Fluidity?what,1
fabrics?specifically,1
gown?felt,1
travel?ergo,1
rest?from,1
shoulders?beyond,1
example?proved,1
tailoring?narrow,1
ten?both,1
pants?from,1
options?from,1
skirt?look,1
"pouch""?vaguely",1
knees?worn,1
jackets?had,1
shoesVlatticework,1
heelsVwere,1
"it""?though",1
show?what,1
course?since,1
it?had,1
that?nice,1
were?looked,1
minute?what,1
Scott?known,1
glamour?wouldn't,1
Hilfiger?showgoers,1
Thornton?his,1
Award?didn't,1
dresses?new,1
base?French,1
man?unbuttoned,1
summer?surviving,1
downpour?how's,1
"have""?words",1
one-piecers?jumpsuits,1
crocodile?going,1
that?not,1
31?complete,1
runway?had,1
cocktailwear?means,1
but?needless,1
say?Betsey,1
Page?has,1
Victoria?transformed,1
daydreams?until,1
Est?e,1
emerge?unfortunately,1
colors?sage,1
nude?than,1
designers?Hussein,1
elements?shorts,1
sheath?much,1
swings?from,1
crack?possibly,1
goddesses?particularly,1
dresses?if,1
that?mercifully,1
Trovata?capoeira,1
aristocrats?have,1
Spring?understandable,1
dégradé?-shaded,1
armor?may,1
Hemingway?yes,1
minidress?two,1
bags?played,1
history?namely,1
trench?looked,1
effect?while,1
bags?keep,1
skirts?kind,1
seems?if,1
small-scale?on,1
idea?complex,1
embroidery?became,1
spirituals?such,1
enough?Nomads,1
boot?boots,1
brand?not,1
themselves?faded,1
seventies?rushes,1
waistcoats?seemed,1
"tights""?make",1
show?brought,1
jeans?taking,1
charts?if,1
runway?provided,1
arms?floaty,1
fabrics?Ultrasuede,1
deer?garnered,1
caf?-curtain,1
time?silk,1
separates?Khan's,1
colors?has,1
time?except,1
materials?sailor,1
scale?brought,1
dangerous?sexiness,1
like?2008,1
"Earthbound""?referring",1
Others?mainly,1
Evening-wise?sans,1
Dresses?fun,1
uncomplicated?came,1
Roy?if,1
own?potentially,1
red?fell,1
clothing?African,1
girls?tweenagers,1
world?particularly,1
saw?prize,1
before?because,1
crowd?has,1
satisfy?Hollywood,1
designer?happy,1
Beamon?enjoyed,1
black?enlivened,1
dixi?me,1
lightened?from,1
ruffs?captured,1
basics?not,1
season?worth,1
palette?half,1
pity?though,1
expectations?especially,1
details?cutout,1
motif?curlicued,1
shifts?evidence,1
necklaces?rich-looking,1
crystal?made,1
London?has,1
Dom?nguez,1
Kin?e,1
combo?worn,1
Cleveland?swelled,1
"glamour""?quite",1
Laurl,1
"street""?meaning",1
back?different,1
Ricci-ness?tiered,1
elements?say,1
cover?could,1
collection?looked,1
dress?long,1
back?came,1
one?long,1
knee?looked,1
enticing?did,1
complex?presentations,1
Simmons?prints,1
more?particularly,1
noted?have,1
more?until,1
wilderness?if,1
women?tailored,1
suits?think,1
recession?no,1
question?what,1
wear??our,1
clothes?how,1
Silks?has,1
Gonz?lez,1
really?making,1
evening?breezily,1
dress?had,1
collars?not,1
last?provided,1
gray?set,1
outing?titled,1
Victorian?petticoats,1
parkas?city,1
poignant?mirroring,1
2010?provided,1
cheerful?lemon,1
coat-dresses?patched,1
one?oversize,1
sequins?riding,1
inspirations?Lartigue's,1
treatment?drapey,1
skirts?recalled,1
suit?though,1
best?because,1
silhouettes?divided,1
legs?seemed,1
runway?lace,1
dichotomies?hard,1
Spring?straight,1
intrigue?news,1
players?came,1
players?i.e,1
showstoppers?no,1
pants?everyone,1
shows?not,1
controlled?simple,1
foam?shaped,1
laser-cutting?not,1
pr?caire,1
temporary?result,1
general?freedom,1
footwear?wide-topped,1
heel?only,1
reactions?positive,1
for?yes,1
Interalli?e,1
row?doesn't,1
stones?drew,1
silhouettes?basically,1
dresses?didn't,1
it?has,1
boot?fit,1
this?Bruno,1
retailers?three,1
appointments?what,1
luxury?skunk,1
silk?high-necked,1
back?echoed,1
1968?backstage,1
ease?both,1
muted?bone,1
one?on,1
schedule?though,1
way?swinging,1
touching?of,1
pants?still,1
stripes?showcased,1
patterns?from,1
collections?offered,1
about?real,1
touches?cue,1
yellow?flashing,1
Desir?e,1
"Meliora""?""Heaven",1
ankles?compounded,1
black?played,1
clouds?cued,1
silhouette?falling,1
shape?high-waisted,1
palette?pearly,1
blue?certainly,1
patterns?houndstooths,1
plaid?kept,1
chic?tailored,1
reputation?though,1
stakes?had,1
types?can,1
pieces?notably,1
eighties?three,1
knits?bulky,1
demand?fell,1
blazer?big,1
tights?close-up,1
end?particularly,1
silver?from,1
frocks?while,1
comfort?sure,1
market?so,1
"piece?""twofers",1
ones?need,1
credentials?massive,1
metallics?silver,1
color?green,1
a.m.?wide,1
airiness?proof,1
Giberson?has,1
pieces?Kokosalaki's,1
interrupted?could,1
treatments?frothy,1
world?more,1
sizing?technically,1
classics?coats,1
tricks?silk,1
great?reason,1
row?Santigold,1
forgettable?how,1
clothes?everything,1
proud?if,1
defiant?series,1
necklines?more,1
sulfur?when,1
pops?proved,1
colors?ocher,1
jacket?use,1
ever?technical,1
parents?Alexander,1
dapper?efforts,1
too?take,1
be?quite,1
forever?because,1
colleagues?Johnson,1
seasons?only,1
moments?comfortable,1
brigade?having,1
etc.?just,1
glamour?speaking,1
designers?from,1
motifs?simplified,1
ribbons?proved,1
bottles?packed,1
women?buyers,1
lineup?seen,1
braces?Jacobs,1
outrageous?sell,1
greens?moss,1
four?not,1
five?figure,1
over?however,1
and?not,1
yet?gently,1
cloth?folded,1
number?essentially,1
shoulder?looked,1
dress?passed,1
springlike?feel,1
trend?credit,1
signatures?from,1
been?Ms,1
rock?sartorially,1
ways?dark,1
Bianca?Mick,1
Lanvin)?could,1
way?leopard,1
merch?mountains,1
films?specifically,1
Karina?Zanini,1
pleasing?combination,1
groups?black,1
YSL?have,1
florets?spiraling,1
pieces?belted,1
androgyny?though,1
hem?slyly,1
show?either,1
woman?curvaceous,1
retro?say,1
pav?-set,1
Others?i.e,1
built?will,1
McQueen?from,1
sixties?Catherine,1
point?especially,1
show?dubbed,1
gear?Luella's,1
And?talk,1
up?no,1
decline?i.e,1
trends?brocade,1
time?from,1
pant?dominant,1
one?shouldered,1
with?literally,1
warming?seem,1
first?before,1
outerwear?peacoats,1
colors?pungent,1
matte?nothing,1
elements?natural/unnatural,1
mauve?succeeded,1
Martens?clad,1
off?Yamamoto's,1
them?seemed,1
L?Wren,1
and?consider,1
bag?missed,1
tote?wielded,1
R?gine's,1
Cam?lias,1
M?li's,1
skirts?of,1
London?proved,1
embroideries?had,1
muted?collection,1
town?whereas,1
are?not,1
"inspiration?""pedigree",1
that?through,1
technology?lit,1
Laing?27,1
York?presented,1
silhouettes?pouf-skirted,1
suits?slightly,1
brand?happily,1
trench?quite,1
season?patent,1
technique??blocks,1
square?turned,1
advanced?though,1
there?50,1
ruffles?never,1
eveningwear?Posen's,1
These?unlike,1
pieces?have,1
dresses?especially,1
shoulder?steered,1
fashion?better,1
O?Hara,1
elements?from,1
yes!?on,1
jacket?sensible,1
sequins?plenty,1
here?so,1
topper?plus,1
new?Sienna,1
register?biker,1
years?i.e,1
cries?more,1
shape?witness,1
exaggerated?worn,1
skirts?followed,1
cardigans?often,1
jackets?played,1
today?evidence,1
things?big,1
suits?longer,1
ruffles?on,1
women?rather,1
show?O,1
cheesiness?see,1
jackets?especially,1
top?simple,1
there?if,1
daywear?where,1
favorite.?You'll,1
hats?Peruvians,1
paces?would,1
flats?Armani,1
patchworks?circling,1
jean?Sir,1
material?cleverly,1
satin?chic,1
piece?backless,1
jacquards?potentially,1
egg?colored,1
sneakers?not,1
Jacobs?now,1
Vuitton?had,1
accessories?everything,1
refined?more,1
mature?if,1
demure?minx,1
layers?tunics,1
skirts?looked,1
l?oeil-style,1
but?credit,1
agape?plucked,1
dress?proof,1
dresses?worn,1
turtlenecks?looked,1
time?prettily,1
coups?Sienna,1
Awards?have,1
references?Eastern,1
example?other,1
pants?leggings,1
Year?sounded,1
shape?vaguely,1
way?chimed,1
runway?though,1
yarn?set,1
thicknesses?felt,1
collection?had,1
collar?set,1
notwithstanding?had,1
Brothers?type,1
content?python-printed,1
minis?did,1
career?simple,1
shorts?thus,1
frivolous?what,1
charmeuse?remained,1
clothes?segmented,1
plastic?didn't,1
pants?came,1
dresses?than,1
more?showed,1
luxury?not,1
daywear?not,1
separates?seersucker,1
choices?lavender,1
fractals?repeated,1
NYC?just,1
level?i.e,1
theatrics?what,1
shift?just,1
it?transparent,1
edit?how,1
inexplicable?especially,1
sourcing?from,1
motif?count,1
try?extended,1
theming?reinforced,1
prints?wavy,1
graphics?seemed,1
feminine?take,1
d?contract,1
designer?Paulo,1
palette?deep-hued,1
silhouettes?tunics,1
duo?CFDA,1
additions?timeless,1
captured?nostalgically,1
tensely?being,1
weirder?shirtdresses,1
villa?not,1
is?recent,1
Rodriguez?trained,1
romantic?handmade,1
simplicity?came,1
spring?his,1
or?say,1
so?union,1
side?will,1
bags?metallic,1
marquee?should,1
Star??set,1
literally?models,1
work?his,1
reasons?take,1
garters?stock,1
anxieties?especially,1
these?while,1
music?R2-D2,1
all?pumping,1
outerwear?from,1
undone?lapses,1
appliqué?d,1
years?both,1
trends?metallic,1
cover-ups?successfully,1
knits?looked,1
"Sara?""My",1
pantsuit?led,1
spectator?when,1
and?finally,1
century?fragments,1
heels?started,1
trends?eyelet,1
wait?seemed,1
back?stood,1
Dell'Acquas?Roberto,1
ago?Basso,1
seasons?Preen,1
satins?especially,1
chartreuse?struck,1
Sedgwick?short,1
commercialism?not,1
moments?Elbaz,1
pants?suggested,1
closets?showcased,1
cuffs?more,1
makes?will,1
sandals?Schur,1
things?lashings,1
perspective?where,1
clothes?cocktail,1
déjà?-vu,1
show?i.e,1
news?would,1
pieces?brown,1
dusters?captured,1
fringing?cascading,1
lovely!?haven't,1
Lurex?gave,1
show?pretty,1
work?delicate,1
red?seem,1
house?Valentino,1
ruffles?flat,1
fris?e-edged,1
room?until,1
hem?every,1
prettiest?yet,1
hazardous?runways,1
studio?ran,1
combinations?red,1
green?not,1
HQ?Michael,1
Circus?has,1
bubble?on,1
inspiration?Davidson's,1
look?Ikeliene,1
shirt?hit,1
footwear?from,1
row?Paris,1
Gellar?going,1
pieces?tent,1
ivory?belong,1
combination?successfully,1
clothes?thank,1
yoked?came,1
look?coral,1
beads?had,1
place?i.e,1
line?no,1
chasm?between,1
likable?both,1
silly?mood,1
moguls?everyone,1
peers?Vera,1
Donna?did,1
bodysuits?call,1
touches?drawstrings,1
anoraks?looked,1
affordable?line,1
out?sashayed,1
Duncan?if,1
usual?plenty,1
dresser?Rachel,1
and?less,1
obviously?Woody,1
light?occasionally,1
looks?slim,1
vests?little,1
Aim?e,1
neck?chic,1
gowns?pieces,1
bonnet?suggested,1
that?despite,1
shows?body-conscious,1
boucl's?witness,1
exhibit?suffused,1
them?clothes,1
menswear?particularly,1
note?respectful,1
room?proof,1
season?send,1
sparkle?his,1
trousers?got,1
composition?undermined,1
him?whether,1
considerately?build,1
shoes?fabric,1
womenswear?his,1
L.B.D.?had,1
everyone?designers,1
booming?market,1
Louis?colored,1
like?rounded,1
wearable?exactly,1
Palermo?gathered,1
"sensual""?opened",1
too?several,1
d'?t,1
gold?oh,1
headgear?from,1
Bol?ro,1
slits?though,1
know?conservative,1
number?strapless,1
here?high-waisted,1
women?Diane,1
themes?fifties,1
khaki?Madame,1
cutting?seamless,1
audience?recognition,1
dresses?showing,1
looks?layered,1
shirts?his,1
variations?metallic,1
nineties?can,1
this?except,1
shoes?fab,1
embellishment?richly,1
skirtsuits?cropped,1
paillettes?felt,1
outfit?34,1
sleeves?fifties,1
vision?his,1
garment?say,1
tops?superb,1
blazer?go,1
fabrics?nubby,1
talent?Stephen,1
stakes?Jean,1
mind?from,1
showing?more,1
eveningwear?though,1
rumor?working,1
favors?now,1
No?mie,1
alpaca?made,1
collection?especially,1
pant?jodhpurlike,1
women?older,1
display?sporting,1
far?shoulderless,1
chin?-print,1
edges?met,1
flourishes?geometric,1
look?occasionally,1
blouses?many,1
since?oh,1
show?his,1
skirt?came,1
neck?both,1
embroidery?came,1
look?will,1
soundtrack?Roxy,1
style?had,1
audiences?Just,1
funds?so,1
stage?er,1
nineties?will,1
collection?logo,1
lady-who-10022s?i.e,1
long?sinuously,1
under-things?jeans,1
Lycra?rising,1
instance?while,1
herself?shoes,1
clients?Natasha,1
row?shy,1
back?turned,1
row?no,1
exposed?felt,1
minimal?lines,1
vein?if,1
outerwear?everything,1
Miller?Obando,1
unhurried?let's,1
Mediterranean?pace,1
pieces?say,1
decades?from,1
two?if,1
Gr?co,1
collection?quite,1
in?cuffs,1
jackets?much,1
scene?black,1
seats?Giles,1
store?located,1
Street?guests,1
f?ting,1
aces?Stuart,1
city?transient,1
decorations?discs,1
squares?pinned,1
buy?dresses,1
thing?long,1
tailoring?monochromatic,1
diamonds?evidence,1
duds?bulky,1
nights?what,1
dresses?from,1
gowns?ran,1
photographers?normally,1
models?suddenly,1
skins?eel,1
"silhouette?""the",1
modernity?by,1
Kors?when,1
this?wins,1
bows?plastic,1
patterns?definitely,1
coats?Stephanie,1
playful?yet,1
shoes?pointy,1
instance?resembled,1
row?Ivanka,1
memorable?say,1
detail?check,1
Evening?often,1
looks?ensembles,1
simplest?say,1
sweaters?enormous,1
slit?remained,1
P?riph?rique,1
film?of,1
fire?started,1
that?journey,1
results?dresses,1
garb?kaleidoscope,1
girls?what's,1
shirtdress?came,1
most?because,1
Hue?not,1
knits?thick,1
catwalk?having,1
show?greeted,1
Tyvek?made,1
counted?not,1
fashion?Christopher,1
Ilincic?have,1
hips?judging,1
curtain?over,1
erotic?not,1
chic?impact,1
tailoring?his,1
blues?only,1
doppleg?ngers,1
Farrell?yes,1
runway?has,1
tradition?exemplified,1
duo?Parsons,1
studios?such,1
lace?Coco-like,1
workmanship?while,1
Africa?Tangiers,1
another?from,1
ideas?both,1
Nouveau-ish?tripping,1
retro?maybe,1
adoration?of,1
discussing?rather,1
Mmm?not,1
Mumbai?Armani's,1
coat-dress?hardly,1
out?especially,1
"pants?""like",1
shape?wider,1
pieces?sweater,1
pace?had,1
classics?chez,1
find?if,1
bouff?e,1
proportions?couture,1
was?what,1
Lacroix?no,1
dresses?exuded,1
dresses?believable,1
trend?transparency,1
pipes?Lily,1
tenure?probably,1
costumey?remember,1
through?especially,1
source?experimental,1
matters?only,1
Lagerfeld?brought,1
blue?made,1
knits?good,1
choose?from,1
value?pens,1
it?from,1
clubber?Burrows,1
remember?would,1
turned?perhaps,1
"Taffy?""Poor",1
masculinity?courtesy,1
B?low,1
ago?more,1
respectively?by,1
idea?body-con,1
ambitious?though,1
determinedly?making,1
silhouettes?no,1
though?since,1
dresses?on,1
dresses?four,1
admirers?Christy,1
Lakshmi?crowded,1
trends?Japanese,1
"point?""late-sixties",1
knowledge?Savile,1
birds?particularly,1
mood?last,1
today?bandage,1
parade?Liya,1
linen?bright,1
Eph_mre,1
